{
"abuse_01": "abuse@cat.net.th",
"abuse_02": "",
"abuse_03": "",
"abuse_04": "",
"abuse_05": "",
"address": "110.78.169.0",
"changed_01": "suchok@cat.net.th 20121107",
"changed_02": "abuse@cat.net.th 20101117",
"changed_03": "suchok@bulbul.cat.net.th 20070719",
"cidr_01": "",
"cidr_02": "",
"city_01": "",
"city_02": "",
"comments_01": "",
"comments_02": "",
"comments_03": "",
"comments_04": "",
"comments_05": "",
"comments_06": "",
"comments_07": "",
"comments_08": "",
"comments_09": "",
"comments_10": "",
"country_01": "TH",
"country_02": "",
"created_at: 2015-07-07 20:22": "06 UTC",
"descr_01": "10 Fl. 72. CAT TELECOM TOWER Bangrak Bangkok Thailand",
"descr_02": "",
"descr_03": "",
"descr_04": "",
"descr_05": "",
"descr_06": "",
"descr_07": "",
"descr_08": "",
"descr_09": "",
"descr_10": "",
"email_01": "pankaew@cat.net.th",
"email_02": "suchok@cat.net.th",
"email_03": "abuse@cat.net.th",
"email_04": "utheera@thaipak.cat.net.th",
"email_05": "suchok@bulbul.cat.net.th",
"email_06": "",
"email_07": "",
"email_08": "",
"email_09": "",
"email_10": "",
"fax_01": "+66-261-42682",
"fax_02": "",
"fax_03": "",
"hostmax_01": "110.78.191.254",
"hostmax_02": "",
"hostmax_03": "",
"hostmax_04": "",
"hostmax_05": "",
"hostmax_06": "",
"hostmax_07": "",
"hostmax_08": "",
"hostmax_09": "",
"hostmax_10": "",
"hostmin_01": "110.78.128.1",
"hostmin_02": "",
"hostmin_03": "",
"hostmin_04": "",
"hostmin_05": "",
"hostmin_06": "",
"hostmin_07": "",
"hostmin_08": "",
"hostmin_09": "",
"hostmin_10": "",
"inetnum_01": "110.78.128.0/18",
"inetnum_02": "",
"inetnum_03": "",
"inetnum_04": "",
"inetnum_05": "",
"inetnum_06": "",
"inetnum_07": "",
"inetnum_08": "",
"inetnum_09": "",
"inetnum_10": "",
"info": "",
"mnt_01": "MAINT-TH-THIX-CAT",
"mnt_02": "IRT-CAT-TH",
"mnt_03": "MAINT-NEW",
"mnt_04": "",
"mnt_05": "",
"mnt_06": "",
"name": "",
"netcount_01": "16382",
"netcount_02": "",
"netcount_03": "",
"netcount_04": "",
"netcount_05": "",
"netcount_06": "",
"netcount_07": "",
"netcount_08": "",
"netcount_09": "",
"netcount_10": "",
"netmask_01": "255.255.192.0",
"netmask_02": "",
"netmask_03": "",
"netmask_04": "",
"netmask_05": "",
"netmask_06": "",
"netmask_07": "",
"netmask_08": "",
"netmask_09": "",
"netmask_10": "",
"netname_01": "CAT-BB-NET",
"netname_02": "",
"nichdl_01": "TU16-AP",
"nichdl_02": "WP273-AP",
"nichdl_03": "",
"nichdl_04": "",
"nichdl_05": "",
"notes": "",
"nserver_01": "",
"nserver_02": "",
"nserver_03": "",
"nslastaa_01": "",
"nslastaa_02": "",
"organization_01": "",
"organization_02": "",
"organization_03": "",
"organization_04": "",
"organization_05": "",
"orgname_01": "",
"orgname_02": "",
"orgname_03": "",
"orgname_04": "",
"orgname_05": "",
"originas_01": "",
"originas_02": "",
"originas_03": "",
"originas_04": "",
"originas_05": "",
"originas_06": "",
"originas_07": "",
"originas_08": "",
"originas_09": "",
"originas_10": "",
"other_01": "TU16-AP",
"other_02": "WP273-AP",
"other_03": "ALLOCATED NON-PORTABLE",
"other_04": "IRT-CAT-TH",
"other_05": "TK38-AP",
"other_06": "",
"other_07": "",
"other_08": "",
"other_09": "",
"other_10": "",
"parent_01": "",
"parent_02": "",
"parent_03": "",
"person_01": "Theerachai Udomkitpanya",
"person_02": "Weerapong Pankaew",
"person_03": "",
"phone_01": "+66-261-42918",
"phone_02": "+66-261-42138",
"phone_03": "",
"postalcode_01": "",
"postalcode_02": "",
"ref_01": "",
"ref_02": "",
"ref_03": "",
"ref_04": "",
"ref_05": "",
"ref_06": "",
"ref_07": "",
"ref_08": "",
"ref_09": "",
"ref_10": "",
"regdate_01": "",
"regdate_02": "",
"remarks_01": "Personal contact ",
"remarks_02": "",
"remarks_03": "",
"remarks_04": "",
"remarks_05": "",
"remarks_06": "",
"remarks_07": "",
"remarks_08": "",
"remarks_09": "",
"remarks_10": "",
"route_01": "",
"route_02": "",
"rwhois_01": "",
"rwhois_02": "",
"rwhois_03": "",
"rwhois_04": "",
"rwhois_05": "",
"source": "APNIC",
"state_01": "",
"state_02": "",
"updated_01": "",
"updated_02": "",
"updated_03": "",
"updated_at": "",
"w_address_01": "Data Comm. Dept.( Internet )",
"w_address_02": "CAT Bangkok 10501",
"w_address_03": "Thailand",
"w_address_04": "10 Fl. 72. CAT TELECOM TOWER Bangrak Bangkok",
"w_address_05": "CAT-BB-NET",
"w_address_06": "10 Fl. 72. CAT TELECOM TOWER Bangrak Bangkok Thailand",
"w_address_07": "",
"w_address_08": "",
"w_address_09": "",
"w_address_10": "",
}
