{
"abuse_01": "idc@sh.chinamobile.com",
"abuse_02": "",
"abuse_03": "",
"abuse_04": "",
"abuse_05": "",
"address": "117.135.161.0",
"changed_01": "zhangyinan@sh.chinamobile.com 20130802",
"changed_02": "idc@sh.chinamobile.com 20130801",
"changed_03": "lihaiy@sh.chinamobile.com 20091009",
"cidr_01": "",
"cidr_02": "",
"city_01": "",
"city_02": "",
"comments_01": "",
"comments_02": "",
"comments_03": "",
"comments_04": "",
"comments_05": "",
"comments_06": "",
"comments_07": "",
"comments_08": "",
"comments_09": "",
"comments_10": "",
"country_01": "CN",
"country_02": "",
"created_at: 2015-07-07 20:22": "06 UTC",
"descr_01": "China Mobile Communications Corporation - shanghai company",
"descr_02": "China Mobile communications corporation",
"descr_03": "",
"descr_04": "",
"descr_05": "",
"descr_06": "",
"descr_07": "",
"descr_08": "",
"descr_09": "",
"descr_10": "",
"email_01": "zhangyinan@sh.chinamobile.com",
"email_02": "idc@sh.chinamobile.com",
"email_03": "lihaiy@sh.chinamobile.com",
"email_04": "hostmaster@chinamobile.com",
"email_05": "",
"email_06": "",
"email_07": "",
"email_08": "",
"email_09": "",
"email_10": "",
"fax_01": "+86 21 62776876",
"fax_02": "+86-021-62776876",
"fax_03": "",
"hostmax_01": "117.135.127.254",
"hostmax_02": "117.135.191.254",
"hostmax_03": "117.191.255.254",
"hostmax_04": "",
"hostmax_05": "",
"hostmax_06": "",
"hostmax_07": "",
"hostmax_08": "",
"hostmax_09": "",
"hostmax_10": "",
"hostmin_01": "117.135.0.1",
"hostmin_02": "117.135.128.1",
"hostmin_03": "117.128.0.1",
"hostmin_04": "",
"hostmin_05": "",
"hostmin_06": "",
"hostmin_07": "",
"hostmin_08": "",
"hostmin_09": "",
"hostmin_10": "",
"inetnum_01": "117.135.0.0/17",
"inetnum_02": "117.135.128.0/18",
"inetnum_03": "117.128.0.0/10",
"inetnum_04": "",
"inetnum_05": "",
"inetnum_06": "",
"inetnum_07": "",
"inetnum_08": "",
"inetnum_09": "",
"inetnum_10": "",
"info": "",
"mnt_01": "MAINT-CN-CMCC-shanghai",
"mnt_02": "IRT-CMCC-SHANGHAI",
"mnt_03": "MAINT-CN-CMCC-SHANGHAI",
"mnt_04": "MAINT-CN-CMCC",
"mnt_05": "",
"mnt_06": "",
"name": "",
"netcount_01": "32766",
"netcount_02": "16382",
"netcount_03": "4194302",
"netcount_04": "",
"netcount_05": "",
"netcount_06": "",
"netcount_07": "",
"netcount_08": "",
"netcount_09": "",
"netcount_10": "",
"netmask_01": "255.255.128.0",
"netmask_02": "255.255.192.0",
"netmask_03": "255.192.0.0",
"netmask_04": "",
"netmask_05": "",
"netmask_06": "",
"netmask_07": "",
"netmask_08": "",
"netmask_09": "",
"netmask_10": "",
"netname_01": "CMNET-shanghai",
"netname_02": "",
"nichdl_01": "HL888-AP",
"nichdl_02": "",
"nichdl_03": "",
"nichdl_04": "",
"nichdl_05": "",
"notes": "",
"nserver_01": "",
"nserver_02": "",
"nserver_03": "",
"nslastaa_01": "",
"nslastaa_02": "",
"organization_01": "",
"organization_02": "",
"organization_03": "",
"organization_04": "",
"organization_05": "",
"orgname_01": "",
"orgname_02": "",
"orgname_03": "",
"orgname_04": "",
"orgname_05": "",
"originas_01": "AS9808",
"originas_02": "",
"originas_03": "",
"originas_04": "",
"originas_05": "",
"originas_06": "",
"originas_07": "",
"originas_08": "",
"originas_09": "",
"originas_10": "",
"other_01": "HL888-AP",
"other_02": "ASSIGNED NON-PORTABLE",
"other_03": "IRT-CMCC-SHANGHAI",
"other_04": "",
"other_05": "",
"other_06": "",
"other_07": "",
"other_08": "",
"other_09": "",
"other_10": "",
"parent_01": "",
"parent_02": "",
"parent_03": "",
"person_01": "haiyan li",
"person_02": "",
"person_03": "",
"phone_01": "+86 13800210021",
"phone_02": "+86-021-32069999-1323",
"phone_03": "",
"postalcode_01": "",
"postalcode_02": "",
"ref_01": "",
"ref_02": "",
"ref_03": "",
"ref_04": "",
"ref_05": "",
"ref_06": "",
"ref_07": "",
"ref_08": "",
"ref_09": "",
"ref_10": "",
"regdate_01": "",
"regdate_02": "",
"remarks_01": "",
"remarks_02": "",
"remarks_03": "",
"remarks_04": "",
"remarks_05": "",
"remarks_06": "",
"remarks_07": "",
"remarks_08": "",
"remarks_09": "",
"remarks_10": "",
"route_01": "117.128.0.0/10",
"route_02": "",
"rwhois_01": "",
"rwhois_02": "",
"rwhois_03": "",
"rwhois_04": "",
"rwhois_05": "",
"source": "APNIC",
"state_01": "",
"state_02": "",
"updated_01": "",
"updated_02": "",
"updated_03": "",
"updated_at": "",
"w_address_01": "200 changshou Road Shanghai",
"w_address_02": "Rm.1306 No.200 Chang Shou Road Shanghai 200060 China",
"w_address_03": "",
"w_address_04": "",
"w_address_05": "",
"w_address_06": "",
"w_address_07": "",
"w_address_08": "",
"w_address_09": "",
"w_address_10": "",
}
