{
"abuse_01": "abuse@bsnl.in",
"abuse_02": "",
"abuse_03": "",
"abuse_04": "",
"abuse_05": "",
"address": "117.192.0.0",
"changed_01": "hostmaster@bsnl.in 20141128",
"changed_02": "abuse@bsnl.in 20101111",
"changed_03": "hm-changed@apnic.net 20101112",
"cidr_01": "",
"cidr_02": "",
"city_01": "",
"city_02": "",
"comments_01": "",
"comments_02": "",
"comments_03": "",
"comments_04": "",
"comments_05": "",
"comments_06": "",
"comments_07": "",
"comments_08": "",
"comments_09": "",
"comments_10": "",
"country_01": "IN",
"country_02": "",
"created_at: 2015-07-07 20:22": "06 UTC",
"descr_01": "Broadband Multiplay Project  O/o DGM BB  NOC BSNL Bangalore",
"descr_02": "BSNL Internet",
"descr_03": "",
"descr_04": "",
"descr_05": "",
"descr_06": "",
"descr_07": "",
"descr_08": "",
"descr_09": "",
"descr_10": "",
"email_01": "hostmaster@bsnl.in",
"email_02": "abuse@bsnl.in",
"email_03": "hm-changed@apnic.net",
"email_04": "hostmaster@sancharnet.in",
"email_05": "dnwplg@sancharnet.in",
"email_06": "dnwplg@bsnl.in",
"email_07": "dnw_jtotech@bsnl.in",
"email_08": "",
"email_09": "",
"email_10": "",
"fax_01": "+91-120-2404241",
"fax_02": "+91-080-25800022",
"fax_03": "",
"hostmax_01": "117.199.255.254",
"hostmax_02": "117.201.255.254",
"hostmax_03": "117.192.15.254",
"hostmax_04": "",
"hostmax_05": "",
"hostmax_06": "",
"hostmax_07": "",
"hostmax_08": "",
"hostmax_09": "",
"hostmax_10": "",
"hostmin_01": "117.192.0.1",
"hostmin_02": "117.200.0.1",
"hostmin_03": "117.192.0.1",
"hostmin_04": "",
"hostmin_05": "",
"hostmin_06": "",
"hostmin_07": "",
"hostmin_08": "",
"hostmin_09": "",
"hostmin_10": "",
"inetnum_01": "117.192.0.0/13",
"inetnum_02": "117.200.0.0/15",
"inetnum_03": "117.192.0.0/20",
"inetnum_04": "",
"inetnum_05": "",
"inetnum_06": "",
"inetnum_07": "",
"inetnum_08": "",
"inetnum_09": "",
"inetnum_10": "",
"info": "",
"mnt_01": "MAINT-IN-DOT",
"mnt_02": "IRT-BSNL-IN",
"mnt_03": "MAINT-IN-PER-DOT",
"mnt_04": "MAINT-IN-AS9829",
"mnt_05": "",
"mnt_06": "",
"name": "",
"netcount_01": "524286",
"netcount_02": "131070",
"netcount_03": "4094",
"netcount_04": "",
"netcount_05": "",
"netcount_06": "",
"netcount_07": "",
"netcount_08": "",
"netcount_09": "",
"netcount_10": "",
"netmask_01": "255.248.0.0",
"netmask_02": "255.254.0.0",
"netmask_03": "255.255.240.0",
"netmask_04": "",
"netmask_05": "",
"netmask_06": "",
"netmask_07": "",
"netmask_08": "",
"netmask_09": "",
"netmask_10": "",
"netname_01": "BB-Multiplay",
"netname_02": "",
"nichdl_01": "BH155-AP",
"nichdl_02": "DB374-AP",
"nichdl_03": "",
"nichdl_04": "",
"nichdl_05": "",
"notes": "",
"nserver_01": "",
"nserver_02": "",
"nserver_03": "",
"nslastaa_01": "",
"nslastaa_02": "",
"organization_01": "",
"organization_02": "",
"organization_03": "",
"organization_04": "",
"organization_05": "",
"orgname_01": "",
"orgname_02": "",
"orgname_03": "",
"orgname_04": "",
"orgname_05": "",
"originas_01": "AS9829",
"originas_02": "",
"originas_03": "",
"originas_04": "",
"originas_05": "",
"originas_06": "",
"originas_07": "",
"originas_08": "",
"originas_09": "",
"originas_10": "",
"other_01": "BH155-AP",
"other_02": "DB374-AP",
"other_03": "ASSIGNED NON-PORTABLE",
"other_04": "IRT-BSNL-IN",
"other_05": "NC83-AP",
"other_06": "CGMD1-AP",
"other_07": "",
"other_08": "",
"other_09": "",
"other_10": "",
"parent_01": "",
"parent_02": "",
"parent_03": "",
"person_01": "BSNL Hostmaster",
"person_02": "DGM Broadband",
"person_03": "",
"phone_01": "+91-120-2404243",
"phone_02": "+91-080-25805800",
"phone_03": "",
"postalcode_01": "",
"postalcode_02": "",
"ref_01": "",
"ref_02": "",
"ref_03": "",
"ref_04": "",
"ref_05": "",
"ref_06": "",
"ref_07": "",
"ref_08": "",
"ref_09": "",
"ref_10": "",
"regdate_01": "",
"regdate_02": "",
"remarks_01": "",
"remarks_02": "",
"remarks_03": "",
"remarks_04": "",
"remarks_05": "",
"remarks_06": "",
"remarks_07": "",
"remarks_08": "",
"remarks_09": "",
"remarks_10": "",
"route_01": "117.192.0.0/20",
"route_02": "",
"rwhois_01": "",
"rwhois_02": "",
"rwhois_03": "",
"rwhois_04": "",
"rwhois_05": "",
"source": "APNIC",
"state_01": "",
"state_02": "",
"updated_01": "",
"updated_02": "",
"updated_03": "",
"updated_at": "",
"w_address_01": "Internet Cell",
"w_address_02": "Bharat Sanchar Nigam Limited",
"w_address_03": "8th Floor 148-B Statesman House",
"w_address_04": "Barakhamba Road  New Delhi - 110 001",
"w_address_05": "Broadband Networks",
"w_address_06": "2nd Floor  Telephone Exchange  Sector 62",
"w_address_07": "Noida",
"w_address_08": "BSNL NOC Bangalore",
"w_address_09": "",
"w_address_10": "",
}
