{
"abuse_01": "",
"abuse_02": "",
"abuse_03": "",
"abuse_04": "",
"abuse_05": "",
"address": "119.97.151.128",
"changed_01": "hm-changed@apnic.net 20080131",
"changed_02": "zhangyl68@public.wh.hb.cn 20031114",
"changed_03": "hm-changed@apnic.net 20111114",
"cidr_01": "",
"cidr_02": "",
"city_01": "",
"city_02": "",
"comments_01": "",
"comments_02": "",
"comments_03": "",
"comments_04": "",
"comments_05": "",
"comments_06": "",
"comments_07": "",
"comments_08": "",
"comments_09": "",
"comments_10": "",
"country_01": "CN",
"country_02": "",
"created_at: 2015-07-07 20:22": "06 UTC",
"descr_01": "CHINANET Hubei province network",
"descr_02": "Data Communication Division",
"descr_03": "China Telecom",
"descr_04": "",
"descr_05": "",
"descr_06": "",
"descr_07": "",
"descr_08": "",
"descr_09": "",
"descr_10": "",
"email_01": "hbadd@189.cn",
"email_02": "hm-changed@apnic.net",
"email_03": "zhangyl68@public.wh.hb.cn",
"email_04": "zhengzm@gsta.com",
"email_05": "anti-spam@ns.chinanet.cn.net",
"email_06": "dingsy@cndata.com",
"email_07": "",
"email_08": "",
"email_09": "",
"email_10": "",
"fax_01": "+86 27 82861499",
"fax_02": "+86-10-58501724",
"fax_03": "",
"hostmax_01": "119.103.255.254",
"hostmax_02": "",
"hostmax_03": "",
"hostmax_04": "",
"hostmax_05": "",
"hostmax_06": "",
"hostmax_07": "",
"hostmax_08": "",
"hostmax_09": "",
"hostmax_10": "",
"hostmin_01": "119.96.0.1",
"hostmin_02": "",
"hostmin_03": "",
"hostmin_04": "",
"hostmin_05": "",
"hostmin_06": "",
"hostmin_07": "",
"hostmin_08": "",
"hostmin_09": "",
"hostmin_10": "",
"inetnum_01": "119.96.0.0/13",
"inetnum_02": "",
"inetnum_03": "",
"inetnum_04": "",
"inetnum_05": "",
"inetnum_06": "",
"inetnum_07": "",
"inetnum_08": "",
"inetnum_09": "",
"inetnum_10": "",
"info": "",
"mnt_01": "APNIC-HM",
"mnt_02": "MAINT-CHINANET",
"mnt_03": "MAINT-CHINANET-HB",
"mnt_04": "MAINT-CN-CHINANET-HB",
"mnt_05": "",
"mnt_06": "",
"name": "",
"netcount_01": "524286",
"netcount_02": "",
"netcount_03": "",
"netcount_04": "",
"netcount_05": "",
"netcount_06": "",
"netcount_07": "",
"netcount_08": "",
"netcount_09": "",
"netcount_10": "",
"netmask_01": "255.248.0.0",
"netmask_02": "",
"netmask_03": "",
"netmask_04": "",
"netmask_05": "",
"netmask_06": "",
"netmask_07": "",
"netmask_08": "",
"netmask_09": "",
"netmask_10": "",
"netname_01": "CHINANET-HB",
"netname_02": "",
"nichdl_01": "CHA1-AP",
"nichdl_02": "CH93-AP",
"nichdl_03": "",
"nichdl_04": "",
"nichdl_05": "",
"notes": "",
"nserver_01": "",
"nserver_02": "",
"nserver_03": "",
"nslastaa_01": "",
"nslastaa_02": "",
"organization_01": "",
"organization_02": "",
"organization_03": "",
"organization_04": "",
"organization_05": "",
"orgname_01": "",
"orgname_02": "",
"orgname_03": "",
"orgname_04": "",
"orgname_05": "",
"originas_01": "",
"originas_02": "",
"originas_03": "",
"originas_04": "",
"originas_05": "",
"originas_06": "",
"originas_07": "",
"originas_08": "",
"originas_09": "",
"originas_10": "",
"other_01": "CH93-AP",
"other_02": "CHA1-AP",
"other_03": "ALLOCATED PORTABLE",
"other_04": "CHINANET HB ADMIN",
"other_05": "YZ83-AP",
"other_06": "ZC77-AP",
"other_07": "",
"other_08": "",
"other_09": "",
"other_10": "",
"parent_01": "",
"parent_02": "",
"parent_03": "",
"person_01": "Chinanet Hostmaster",
"person_02": "",
"person_03": "",
"phone_01": "+86 27 82862199",
"phone_02": "+86-10-58501724",
"phone_03": "",
"postalcode_01": "",
"postalcode_02": "",
"ref_01": "",
"ref_02": "",
"ref_03": "",
"ref_04": "",
"ref_05": "",
"ref_06": "",
"ref_07": "",
"ref_08": "",
"ref_09": "",
"ref_10": "",
"regdate_01": "",
"regdate_02": "",
"remarks_01": "service provider",
"remarks_02": "This object can only be updated by APNIC hostmasters.",
"remarks_03": "To update this object  please contact APNIC",
"remarks_04": "hostmasters and include your organisation s account",
"remarks_05": "name in the subject line.",
"remarks_06": "send spam reports to hbadd@189.cn",
"remarks_07": "and abuse reports to hbadd@189.cn",
"remarks_08": "Please include detailed information and",
"remarks_09": "times in GMT+8",
"remarks_10": "",
"route_01": "",
"route_02": "",
"rwhois_01": "",
"rwhois_02": "",
"rwhois_03": "",
"rwhois_04": "",
"rwhois_05": "",
"source": "APNIC",
"state_01": "",
"state_02": "",
"updated_01": "",
"updated_02": "",
"updated_03": "",
"updated_at": "",
"w_address_01": "8th floor of JinGuang Building",
"w_address_02": "",
"w_address_03": "HanKou Wuhan Hubei Province",
"w_address_04": "P.R.China",
"w_address_05": "No.31  jingrong street beijing",
"w_address_06": "100032",
"w_address_07": "",
"w_address_08": "",
"w_address_09": "",
"w_address_10": "",
}
