{
"abuse_01": "antispam_gdnoc@189.cn",
"abuse_02": "",
"abuse_03": "",
"abuse_04": "",
"abuse_05": "",
"address": "121.12.255.0",
"changed_01": "gdtel_ipreg@163.com 20100706",
"changed_02": "ipadm@189.cn 20110418",
"changed_03": "zhengzm@gsta.com 20140922",
"cidr_01": "",
"cidr_02": "",
"city_01": "",
"city_02": "",
"comments_01": "",
"comments_02": "",
"comments_03": "",
"comments_04": "",
"comments_05": "",
"comments_06": "",
"comments_07": "",
"comments_08": "",
"comments_09": "",
"comments_10": "",
"country_01": "CN",
"country_02": "",
"created_at: 2015-07-07 20:22": "06 UTC",
"descr_01": "foshanruijiangkejiyouxiangongsi",
"descr_02": "From Guangdong Network of ChinaTelecom",
"descr_03": "",
"descr_04": "",
"descr_05": "",
"descr_06": "",
"descr_07": "",
"descr_08": "",
"descr_09": "",
"descr_10": "",
"email_01": "gdtel_ipreg@163.com",
"email_02": "gdnoc_HLWI@189.cn",
"email_03": "ipadm@189.cn",
"email_04": "zhengzm@gsta.com",
"email_05": "abuse_gdnoc@189.cn",
"email_06": "antispam_gdnoc@189.cn",
"email_07": "ipadm@gddc.com.cn",
"email_08": "abuse@gddc.com.cn",
"email_09": "CHENYIQ@GSTA.COM",
"email_10": "dingsy@cndata.com",
"fax_01": "+86-20-87189274",
"fax_02": "",
"fax_03": "",
"hostmax_01": "121.12.255.254",
"hostmax_02": "121.15.255.254",
"hostmax_03": "",
"hostmax_04": "",
"hostmax_05": "",
"hostmax_06": "",
"hostmax_07": "",
"hostmax_08": "",
"hostmax_09": "",
"hostmax_10": "",
"hostmin_01": "121.12.255.1",
"hostmin_02": "121.8.0.1",
"hostmin_03": "",
"hostmin_04": "",
"hostmin_05": "",
"hostmin_06": "",
"hostmin_07": "",
"hostmin_08": "",
"hostmin_09": "",
"hostmin_10": "",
"inetnum_01": "121.12.255.0/24",
"inetnum_02": "121.8.0.0/13",
"inetnum_03": "",
"inetnum_04": "",
"inetnum_05": "",
"inetnum_06": "",
"inetnum_07": "",
"inetnum_08": "",
"inetnum_09": "",
"inetnum_10": "",
"info": "",
"mnt_01": "MAINT-CHINANET-GD",
"mnt_02": "MAINT-CHINANET",
"mnt_03": "",
"mnt_04": "",
"mnt_05": "",
"mnt_06": "",
"name": "",
"netcount_01": "254",
"netcount_02": "524286",
"netcount_03": "",
"netcount_04": "",
"netcount_05": "",
"netcount_06": "",
"netcount_07": "",
"netcount_08": "",
"netcount_09": "",
"netcount_10": "",
"netmask_01": "255.255.255.0",
"netmask_02": "255.248.0.0",
"netmask_03": "",
"netmask_04": "",
"netmask_05": "",
"netmask_06": "",
"netmask_07": "",
"netmask_08": "",
"netmask_09": "",
"netmask_10": "",
"netname_01": "foshanruijiangkejiyouxiangongsi",
"netname_02": "",
"nichdl_01": "IC83-AP",
"nichdl_02": "ZS-AP",
"nichdl_03": "",
"nichdl_04": "",
"nichdl_05": "",
"notes": "",
"nserver_01": "",
"nserver_02": "",
"nserver_03": "",
"nslastaa_01": "",
"nslastaa_02": "",
"organization_01": "",
"organization_02": "",
"organization_03": "",
"organization_04": "",
"organization_05": "",
"orgname_01": "",
"orgname_02": "",
"orgname_03": "",
"orgname_04": "",
"orgname_05": "",
"originas_01": "AS4134",
"originas_02": "",
"originas_03": "",
"originas_04": "",
"originas_05": "",
"originas_06": "",
"originas_07": "",
"originas_08": "",
"originas_09": "",
"originas_10": "",
"other_01": "ZS-AP",
"other_02": "IC83-AP",
"other_03": "Allocated non-portable",
"other_04": "",
"other_05": "",
"other_06": "",
"other_07": "",
"other_08": "",
"other_09": "",
"other_10": "",
"parent_01": "",
"parent_02": "",
"parent_03": "",
"person_01": "IPMASTER CHINANET-GD",
"person_02": "ZHONGSHAN WANJIAN",
"person_03": "",
"phone_01": "+86-20-87189274",
"phone_02": "+86-760-8866666",
"phone_03": "",
"postalcode_01": "",
"postalcode_02": "",
"ref_01": "",
"ref_02": "",
"ref_03": "",
"ref_04": "",
"ref_05": "",
"ref_06": "",
"ref_07": "",
"ref_08": "",
"ref_09": "",
"ref_10": "",
"regdate_01": "",
"regdate_02": "",
"remarks_01": "IPMASTER is not for spam complaint please send spam complaint to abuse_gdnoc@189.cn",
"remarks_02": "IPMASTER is not for spam complaint please send spam complaint to abuse@gddc.com.cn",
"remarks_03": "",
"remarks_04": "",
"remarks_05": "",
"remarks_06": "",
"remarks_07": "",
"remarks_08": "",
"remarks_09": "",
"remarks_10": "",
"route_01": "121.8.0.0/13",
"route_02": "",
"rwhois_01": "",
"rwhois_02": "",
"rwhois_03": "",
"rwhois_04": "",
"rwhois_05": "",
"source": "APNIC",
"state_01": "",
"state_02": "",
"updated_01": "",
"updated_02": "",
"updated_03": "",
"updated_at": "",
"w_address_01": "NO.18 RO. ZHONGSHANER YUEXIU DISTRIC GUANGZHOU",
"w_address_02": "Dianxin Building  Fu Hua Road  Zhongshan  China",
"w_address_03": "",
"w_address_04": "",
"w_address_05": "",
"w_address_06": "",
"w_address_07": "",
"w_address_08": "",
"w_address_09": "",
"w_address_10": "",
}
