{
"abuse_01": "",
"abuse_02": "",
"abuse_03": "",
"abuse_04": "",
"abuse_05": "",
"address": "182.237.19.0",
"changed_01": "priyanka@uclix.net 20100606",
"changed_02": "hm-changed@apnic.net 20100504",
"changed_03": "priyanka@uclix.net 20100507",
"cidr_01": "",
"cidr_02": "",
"city_01": "",
"city_02": "",
"comments_01": "",
"comments_02": "",
"comments_03": "",
"comments_04": "",
"comments_05": "",
"comments_06": "",
"comments_07": "",
"comments_08": "",
"comments_09": "",
"comments_10": "",
"country_01": "IN",
"country_02": "",
"created_at: 2015-07-07 20:22": "06 UTC",
"descr_01": "Uclix Broad band",
"descr_02": "Uclix Route Object",
"descr_03": "",
"descr_04": "",
"descr_05": "",
"descr_06": "",
"descr_07": "",
"descr_08": "",
"descr_09": "",
"descr_10": "",
"email_01": "priyanka@uclix.net",
"email_02": "hm-changed@apnic.net",
"email_03": "",
"email_04": "",
"email_05": "",
"email_06": "",
"email_07": "",
"email_08": "",
"email_09": "",
"email_10": "",
"fax_01": "",
"fax_02": "",
"fax_03": "",
"hostmax_01": "182.237.19.126",
"hostmax_02": "182.237.19.190",
"hostmax_03": "182.237.19.222",
"hostmax_04": "182.237.19.238",
"hostmax_05": "182.237.19.246",
"hostmax_06": "182.237.19.250",
"hostmax_07": "182.237.19.253",
"hostmax_08": "182.237.19.254",
"hostmax_09": "",
"hostmax_10": "",
"hostmin_01": "182.237.19.1",
"hostmin_02": "182.237.19.129",
"hostmin_03": "182.237.19.193",
"hostmin_04": "182.237.19.225",
"hostmin_05": "182.237.19.241",
"hostmin_06": "182.237.19.249",
"hostmin_07": "182.237.19.252",
"hostmin_08": "182.237.16.1",
"hostmin_09": "",
"hostmin_10": "",
"inetnum_01": "182.237.19.0/25",
"inetnum_02": "182.237.19.128/26",
"inetnum_03": "182.237.19.192/27",
"inetnum_04": "182.237.19.224/28",
"inetnum_05": "182.237.19.240/29",
"inetnum_06": "182.237.19.248/30",
"inetnum_07": "182.237.19.252/31",
"inetnum_08": "182.237.19.254/32",
"inetnum_09": "182.237.16.0/22",
"inetnum_10": "",
"info": "",
"mnt_01": "MAINT-UCLIX-IN",
"mnt_02": "maint-uclix-in",
"mnt_03": "",
"mnt_04": "",
"mnt_05": "",
"mnt_06": "",
"name": "",
"netcount_01": "126",
"netcount_02": "62",
"netcount_03": "30",
"netcount_04": "14",
"netcount_05": "6",
"netcount_06": "2",
"netcount_07": "2",
"netcount_08": "1",
"netcount_09": "1022",
"netcount_10": "",
"netmask_01": "255.255.255.128",
"netmask_02": "255.255.255.192",
"netmask_03": "255.255.255.224",
"netmask_04": "255.255.255.240",
"netmask_05": "255.255.255.248",
"netmask_06": "255.255.255.252",
"netmask_07": "255.255.255.254",
"netmask_08": "255.255.255.255",
"netmask_09": "255.255.252.0",
"netmask_10": "",
"netname_01": "UCLIX-IN",
"netname_02": "",
"nichdl_01": "UILN1-AP",
"nichdl_02": "",
"nichdl_03": "",
"nichdl_04": "",
"nichdl_05": "",
"notes": "",
"nserver_01": "",
"nserver_02": "",
"nserver_03": "",
"nslastaa_01": "",
"nslastaa_02": "",
"organization_01": "",
"organization_02": "",
"organization_03": "",
"organization_04": "",
"organization_05": "",
"orgname_01": "",
"orgname_02": "",
"orgname_03": "",
"orgname_04": "",
"orgname_05": "",
"originas_01": "AS55507",
"originas_02": "",
"originas_03": "",
"originas_04": "",
"originas_05": "",
"originas_06": "",
"originas_07": "",
"originas_08": "",
"originas_09": "",
"originas_10": "",
"other_01": "UILN1-AP",
"other_02": "ALLOCATED NON-PORTABLE",
"other_03": "UCLIX INFRA LTD - network administrator",
"other_04": "",
"other_05": "",
"other_06": "",
"other_07": "",
"other_08": "",
"other_09": "",
"other_10": "",
"parent_01": "",
"parent_02": "",
"parent_03": "",
"person_01": "",
"person_02": "",
"person_03": "",
"phone_01": "+91-141-2741624",
"phone_02": "",
"phone_03": "",
"postalcode_01": "",
"postalcode_02": "",
"ref_01": "",
"ref_02": "",
"ref_03": "",
"ref_04": "",
"ref_05": "",
"ref_06": "",
"ref_07": "",
"ref_08": "",
"ref_09": "",
"ref_10": "",
"regdate_01": "",
"regdate_02": "",
"remarks_01": "",
"remarks_02": "",
"remarks_03": "",
"remarks_04": "",
"remarks_05": "",
"remarks_06": "",
"remarks_07": "",
"remarks_08": "",
"remarks_09": "",
"remarks_10": "",
"route_01": "182.237.16.0/22",
"route_02": "",
"rwhois_01": "",
"rwhois_02": "",
"rwhois_03": "",
"rwhois_04": "",
"rwhois_05": "",
"source": "APNIC",
"state_01": "",
"state_02": "",
"updated_01": "",
"updated_02": "",
"updated_03": "",
"updated_at": "",
"w_address_01": "C-84  Janpath  LalKothi Scheme  Tonk Road  Jaipur",
"w_address_02": "",
"w_address_03": "",
"w_address_04": "",
"w_address_05": "",
"w_address_06": "",
"w_address_07": "",
"w_address_08": "",
"w_address_09": "",
"w_address_10": "",
}
