{
"abuse_01": "",
"abuse_02": "",
"abuse_03": "",
"abuse_04": "",
"abuse_05": "",
"address": "203.172.203.21",
"changed_01": "apipolg@tot.co.th 20100226",
"changed_02": "suchok@cat.net.th 20031008",
"changed_03": "suchok@cat.net.th 20031009",
"cidr_01": "",
"cidr_02": "",
"city_01": "",
"city_02": "",
"comments_01": "",
"comments_02": "",
"comments_03": "",
"comments_04": "",
"comments_05": "",
"comments_06": "",
"comments_07": "",
"comments_08": "",
"comments_09": "",
"comments_10": "",
"country_01": "TH",
"country_02": "",
"created_at: 2015-07-07 20:22": "06 UTC",
"descr_01": "Static IP for schools and offices under administrative of Ministry of Education",
"descr_02": "Ministry of Education Network Operation Center",
"descr_03": "",
"descr_04": "",
"descr_05": "",
"descr_06": "",
"descr_07": "",
"descr_08": "",
"descr_09": "",
"descr_10": "",
"email_01": "apipolg@tot.co.th",
"email_02": "charnsak@emisc.moe.go.th",
"email_03": "suchok@cat.net.th",
"email_04": "montana@emisc.moe.go.th",
"email_05": "",
"email_06": "",
"email_07": "",
"email_08": "",
"email_09": "",
"email_10": "",
"fax_01": "+662-281-8218",
"fax_02": "",
"fax_03": "",
"hostmax_01": "203.172.255.254",
"hostmax_02": "",
"hostmax_03": "",
"hostmax_04": "",
"hostmax_05": "",
"hostmax_06": "",
"hostmax_07": "",
"hostmax_08": "",
"hostmax_09": "",
"hostmax_10": "",
"hostmin_01": "203.172.192.1",
"hostmin_02": "",
"hostmin_03": "",
"hostmin_04": "",
"hostmin_05": "",
"hostmin_06": "",
"hostmin_07": "",
"hostmin_08": "",
"hostmin_09": "",
"hostmin_10": "",
"inetnum_01": "203.172.192.0/18",
"inetnum_02": "",
"inetnum_03": "",
"inetnum_04": "",
"inetnum_05": "",
"inetnum_06": "",
"inetnum_07": "",
"inetnum_08": "",
"inetnum_09": "",
"inetnum_10": "",
"info": "",
"mnt_01": "MAINT-TH-MOE-EDNET",
"mnt_02": "",
"mnt_03": "",
"mnt_04": "",
"mnt_05": "",
"mnt_06": "",
"name": "",
"netcount_01": "16382",
"netcount_02": "",
"netcount_03": "",
"netcount_04": "",
"netcount_05": "",
"netcount_06": "",
"netcount_07": "",
"netcount_08": "",
"netcount_09": "",
"netcount_10": "",
"netmask_01": "255.255.192.0",
"netmask_02": "",
"netmask_03": "",
"netmask_04": "",
"netmask_05": "",
"netmask_06": "",
"netmask_07": "",
"netmask_08": "",
"netmask_09": "",
"netmask_10": "",
"netname_01": "MOE-NET",
"netname_02": "",
"nichdl_01": "CL3-AP",
"nichdl_02": "MS2-AP",
"nichdl_03": "",
"nichdl_04": "",
"nichdl_05": "",
"notes": "",
"nserver_01": "",
"nserver_02": "",
"nserver_03": "",
"nslastaa_01": "",
"nslastaa_02": "",
"organization_01": "",
"organization_02": "",
"organization_03": "",
"organization_04": "",
"organization_05": "",
"orgname_01": "",
"orgname_02": "",
"orgname_03": "",
"orgname_04": "",
"orgname_05": "",
"originas_01": "",
"originas_02": "",
"originas_03": "",
"originas_04": "",
"originas_05": "",
"originas_06": "",
"originas_07": "",
"originas_08": "",
"originas_09": "",
"originas_10": "",
"other_01": "CL3-AP",
"other_02": "MS2-AP",
"other_03": "assigned non-portable",
"other_04": "",
"other_05": "",
"other_06": "",
"other_07": "",
"other_08": "",
"other_09": "",
"other_10": "",
"parent_01": "",
"parent_02": "",
"parent_03": "",
"person_01": "charnsak Luangtrirat",
"person_02": "Montana shokiatrung",
"person_03": "",
"phone_01": "+662-628-6607-8",
"phone_02": "",
"phone_03": "",
"postalcode_01": "",
"postalcode_02": "",
"ref_01": "",
"ref_02": "",
"ref_03": "",
"ref_04": "",
"ref_05": "",
"ref_06": "",
"ref_07": "",
"ref_08": "",
"ref_09": "",
"ref_10": "",
"regdate_01": "",
"regdate_02": "",
"remarks_01": "",
"remarks_02": "",
"remarks_03": "",
"remarks_04": "",
"remarks_05": "",
"remarks_06": "",
"remarks_07": "",
"remarks_08": "",
"remarks_09": "",
"remarks_10": "",
"route_01": "",
"route_02": "",
"rwhois_01": "",
"rwhois_02": "",
"rwhois_03": "",
"rwhois_04": "",
"rwhois_05": "",
"source": "APNIC",
"state_01": "",
"state_02": "",
"updated_01": "",
"updated_02": "",
"updated_03": "",
"updated_at": "",
"w_address_01": "Ministry of education",
"w_address_02": "319 wangchankasem thanon ratchadamnoen-nok dusit bangkok",
"w_address_03": "THAILAND 10300",
"w_address_04": "",
"w_address_05": "",
"w_address_06": "",
"w_address_07": "",
"w_address_08": "",
"w_address_09": "",
"w_address_10": "",
}
