{
"abuse_01": "",
"abuse_02": "",
"abuse_03": "",
"abuse_04": "",
"abuse_05": "",
"address": "210.212.97.139",
"changed_01": "dnwplg@sancharnet.in 20040515",
"changed_02": "dnwplg@sancharnet.in 20030120",
"changed_03": "hm-changed@apnic.net 20071227",
"cidr_01": "",
"cidr_02": "",
"city_01": "",
"city_02": "",
"comments_01": "",
"comments_02": "",
"comments_03": "",
"comments_04": "",
"comments_05": "",
"comments_06": "",
"comments_07": "",
"comments_08": "",
"comments_09": "",
"comments_10": "",
"country_01": "IN",
"country_02": "",
"created_at: 2015-07-07 20:22": "06 UTC",
"descr_01": "Malviya National Institute of Technology Jaipur",
"descr_02": "Deppt  of Electronics & Comm. Engg.",
"descr_03": "Malviya National Institute Of Technology",
"descr_04": "J. L. N Marg Jaipur - 302 017",
"descr_05": "BSNL Internet",
"descr_06": "",
"descr_07": "",
"descr_08": "",
"descr_09": "",
"descr_10": "",
"email_01": "dnwplg@sancharnet.in",
"email_02": "dnwplg@bsnl.in",
"email_03": "hostmaster@bsnl.in",
"email_04": "hm-changed@apnic.net",
"email_05": "abuse@bsnl.in",
"email_06": "nib_jaipur@sancharnet.in",
"email_07": "gaurvl@hotmail.com",
"email_08": "vsahula@yahoo.com",
"email_09": "routemaster@sancharnet.in",
"email_10": "",
"fax_01": "+91-11-26116783",
"fax_02": "+91-11-26887888",
"fax_03": "+91-11-23734052",
"hostmax_01": "210.212.97.190",
"hostmax_02": "210.212.111.254",
"hostmax_03": "",
"hostmax_04": "",
"hostmax_05": "",
"hostmax_06": "",
"hostmax_07": "",
"hostmax_08": "",
"hostmax_09": "",
"hostmax_10": "",
"hostmin_01": "210.212.97.129",
"hostmin_02": "210.212.96.1",
"hostmin_03": "",
"hostmin_04": "",
"hostmin_05": "",
"hostmin_06": "",
"hostmin_07": "",
"hostmin_08": "",
"hostmin_09": "",
"hostmin_10": "",
"inetnum_01": "210.212.97.128/26",
"inetnum_02": "210.212.96.0/20",
"inetnum_03": "",
"inetnum_04": "",
"inetnum_05": "",
"inetnum_06": "",
"inetnum_07": "",
"inetnum_08": "",
"inetnum_09": "",
"inetnum_10": "",
"info": "",
"mnt_01": "MAINT-IN-DOT",
"mnt_02": "MAINT-IN-PER-DOT",
"mnt_03": "MAINT-IN-AS9829",
"mnt_04": "",
"mnt_05": "",
"mnt_06": "",
"name": "",
"netcount_01": "62",
"netcount_02": "4094",
"netcount_03": "",
"netcount_04": "",
"netcount_05": "",
"netcount_06": "",
"netcount_07": "",
"netcount_08": "",
"netcount_09": "",
"netcount_10": "",
"netmask_01": "255.255.255.192",
"netmask_02": "255.255.240.0",
"netmask_03": "",
"netmask_04": "",
"netmask_05": "",
"netmask_06": "",
"netmask_07": "",
"netmask_08": "",
"netmask_09": "",
"netmask_10": "",
"netname_01": "mnit-ac-in",
"netname_02": "",
"nichdl_01": "CDN1-AP",
"nichdl_02": "NC83-AP",
"nichdl_03": "NIJ2-AP",
"nichdl_04": "VL42-AP",
"nichdl_05": "VS18-AP",
"notes": "",
"nserver_01": "",
"nserver_02": "",
"nserver_03": "",
"nslastaa_01": "",
"nslastaa_02": "",
"organization_01": "",
"organization_02": "",
"organization_03": "",
"organization_04": "",
"organization_05": "",
"orgname_01": "",
"orgname_02": "",
"orgname_03": "",
"orgname_04": "",
"orgname_05": "",
"originas_01": "AS9829",
"originas_02": "",
"originas_03": "",
"originas_04": "",
"originas_05": "",
"originas_06": "",
"originas_07": "",
"originas_08": "",
"originas_09": "",
"originas_10": "",
"other_01": "VS18-AP",
"other_02": "VL42-AP",
"other_03": "NIJ2-AP",
"other_04": "NC83-AP",
"other_05": "CDN1-AP",
"other_06": "ASSIGNED NON-PORTABLE",
"other_07": "CGM Data Networks",
"other_08": "CGMD1-AP",
"other_09": "DT197-AP",
"other_10": "BH155-AP",
"parent_01": "",
"parent_02": "",
"parent_03": "",
"person_01": "Node Incharge JAIPUR",
"person_02": "Vijay Laxmi",
"person_03": "Vinit Sahula",
"phone_01": "+91-11-24106782",
"phone_02": "+91-11-24102119",
"phone_03": "+91-11-23734057",
"postalcode_01": "",
"postalcode_02": "",
"ref_01": "",
"ref_02": "",
"ref_03": "",
"ref_04": "",
"ref_05": "",
"ref_06": "",
"ref_07": "",
"ref_08": "",
"ref_09": "",
"ref_10": "",
"regdate_01": "",
"regdate_02": "",
"remarks_01": "",
"remarks_02": "",
"remarks_03": "",
"remarks_04": "",
"remarks_05": "",
"remarks_06": "",
"remarks_07": "",
"remarks_08": "",
"remarks_09": "",
"remarks_10": "",
"route_01": "210.212.96.0/20",
"route_02": "",
"rwhois_01": "",
"rwhois_02": "",
"rwhois_03": "",
"rwhois_04": "",
"rwhois_05": "",
"source": "APNIC",
"state_01": "",
"state_02": "",
"updated_01": "",
"updated_02": "",
"updated_03": "",
"updated_at": "",
"w_address_01": "CTS Compound",
"w_address_02": "Netaji Nagar",
"w_address_03": "New Delhi- 110 023",
"w_address_04": "Internet Cell",
"w_address_05": "Bharat Sanchar Nigam Limited",
"w_address_06": "8th Floor 148-B Statesman House",
"w_address_07": "Barakhamba Road  New Delhi - 110 001",
"w_address_08": "NIB JAIPUR",
"w_address_09": "O/O PGMTD Jaipur",
"w_address_10": "Deppt  of Electronics & Comm. Engg.",
}
