{
"abuse_01": "zhouxm@chinaunicom.cn",
"abuse_02": "",
"abuse_03": "",
"abuse_04": "",
"abuse_05": "",
"address": "218.59.169.109",
"changed_01": "hm-changed@apnic.net 20031229",
"changed_02": "hm-changed@apnic.net 20040927",
"changed_03": "hm-changed@apnic.net 20041203",
"cidr_01": "",
"cidr_02": "",
"city_01": "",
"city_02": "",
"comments_01": "",
"comments_02": "",
"comments_03": "",
"comments_04": "",
"comments_05": "",
"comments_06": "",
"comments_07": "",
"comments_08": "",
"comments_09": "",
"comments_10": "",
"country_01": "CN",
"country_02": "",
"created_at: 2015-07-07 20:22": "06 UTC",
"descr_01": "China Unicom Shandong province network",
"descr_02": "China Unicom",
"descr_03": "CNC Group CHINA169 Shandong Province Network",
"descr_04": "",
"descr_05": "",
"descr_06": "",
"descr_07": "",
"descr_08": "",
"descr_09": "",
"descr_10": "",
"email_01": "hm-changed@apnic.net",
"email_02": "zhouxm@chinaunicom.cn",
"email_03": "abuse@cnc-noc.net",
"email_04": "ip@pub.sd.cninfo.net",
"email_05": "ip@sdinfo.net",
"email_06": "",
"email_07": "",
"email_08": "",
"email_09": "",
"email_10": "",
"fax_01": "+86-10-66259764",
"fax_02": "+86-531-6666666",
"fax_03": "",
"hostmax_01": "218.59.255.254",
"hostmax_02": "",
"hostmax_03": "",
"hostmax_04": "",
"hostmax_05": "",
"hostmax_06": "",
"hostmax_07": "",
"hostmax_08": "",
"hostmax_09": "",
"hostmax_10": "",
"hostmin_01": "218.56.0.1",
"hostmin_02": "",
"hostmin_03": "",
"hostmin_04": "",
"hostmin_05": "",
"hostmin_06": "",
"hostmin_07": "",
"hostmin_08": "",
"hostmin_09": "",
"hostmin_10": "",
"inetnum_01": "218.56.0.0/14",
"inetnum_02": "",
"inetnum_03": "",
"inetnum_04": "",
"inetnum_05": "",
"inetnum_06": "",
"inetnum_07": "",
"inetnum_08": "",
"inetnum_09": "",
"inetnum_10": "",
"info": "",
"mnt_01": "APNIC-HM",
"mnt_02": "MAINT-CNCGROUP-SD",
"mnt_03": "MAINT-CNCGROUP-RR",
"mnt_04": "IRT-CU-CN",
"mnt_05": "MAINT-CNCGROUP",
"mnt_06": "MAINT-ZXF",
"name": "",
"netcount_01": "262142",
"netcount_02": "",
"netcount_03": "",
"netcount_04": "",
"netcount_05": "",
"netcount_06": "",
"netcount_07": "",
"netcount_08": "",
"netcount_09": "",
"netcount_10": "",
"netmask_01": "255.252.0.0",
"netmask_02": "",
"netmask_03": "",
"netmask_04": "",
"netmask_05": "",
"netmask_06": "",
"netmask_07": "",
"netmask_08": "",
"netmask_09": "",
"netmask_10": "",
"netname_01": "UNICOM-SD",
"netname_02": "",
"nichdl_01": "CH1302-AP",
"nichdl_02": "XZ14-AP",
"nichdl_03": "",
"nichdl_04": "",
"nichdl_05": "",
"notes": "",
"nserver_01": "",
"nserver_02": "",
"nserver_03": "",
"nslastaa_01": "",
"nslastaa_02": "",
"organization_01": "",
"organization_02": "",
"organization_03": "",
"organization_04": "",
"organization_05": "",
"orgname_01": "",
"orgname_02": "",
"orgname_03": "",
"orgname_04": "",
"orgname_05": "",
"originas_01": "AS4837",
"originas_02": "",
"originas_03": "",
"originas_04": "",
"originas_05": "",
"originas_06": "",
"originas_07": "",
"originas_08": "",
"originas_09": "",
"originas_10": "",
"other_01": "CH1302-AP",
"other_02": "XZ14-AP",
"other_03": "ALLOCATED PORTABLE",
"other_04": "IRT-CU-CN",
"other_05": "",
"other_06": "",
"other_07": "",
"other_08": "",
"other_09": "",
"other_10": "",
"parent_01": "",
"parent_02": "",
"parent_03": "",
"person_01": "ChinaUnicom Hostmaster",
"person_02": "XIAOFENG ZHANG",
"person_03": "",
"phone_01": "+86-10-66259764",
"phone_02": "+86-531-6666666",
"phone_03": "",
"postalcode_01": "",
"postalcode_02": "",
"ref_01": "",
"ref_02": "",
"ref_03": "",
"ref_04": "",
"ref_05": "",
"ref_06": "",
"ref_07": "",
"ref_08": "",
"ref_09": "",
"ref_10": "",
"regdate_01": "",
"regdate_02": "",
"remarks_01": "",
"remarks_02": "",
"remarks_03": "",
"remarks_04": "",
"remarks_05": "",
"remarks_06": "",
"remarks_07": "",
"remarks_08": "",
"remarks_09": "",
"remarks_10": "",
"route_01": "218.56.0.0/14",
"route_02": "",
"rwhois_01": "",
"rwhois_02": "",
"rwhois_03": "",
"rwhois_04": "",
"rwhois_05": "",
"source": "APNIC",
"state_01": "",
"state_02": "",
"updated_01": "",
"updated_02": "",
"updated_03": "",
"updated_at": "",
"w_address_01": "No.21 Jin-Rong Street",
"w_address_02": "Beijing 100140",
"w_address_03": "P.R.China",
"w_address_04": "Beijing 100033",
"w_address_05": "Jinan Shandong P.R China",
"w_address_06": "",
"w_address_07": "",
"w_address_08": "",
"w_address_09": "",
"w_address_10": "",
}
