{
"abuse_01": "",
"abuse_02": "",
"abuse_03": "",
"abuse_04": "",
"abuse_05": "",
"address": "222.124.153.232",
"changed_01": "hostmaster@telkom.net.id 20061217",
"changed_02": "hostmaster@telkom.net.id 20060105",
"changed_03": "hostmaster@telkom.net.id 20090319",
"cidr_01": "",
"cidr_02": "",
"city_01": "",
"city_02": "",
"comments_01": "",
"comments_02": "",
"comments_03": "",
"comments_04": "",
"comments_05": "",
"comments_06": "",
"comments_07": "",
"comments_08": "",
"comments_09": "",
"comments_10": "",
"country_01": "ID",
"country_02": "",
"created_at: 2015-07-07 20:22": "06 UTC",
"descr_01": "PT Telkom Indonesia s customer.",
"descr_02": "PT. TELKOM INDONESIA",
"descr_03": "Menara Multimedia Lt. 7",
"descr_04": "Jl. Kebonsirih No.12",
"descr_05": "JAKARTA",
"descr_06": "",
"descr_07": "",
"descr_08": "",
"descr_09": "",
"descr_10": "",
"email_01": "hostmaster@telkom.net.id",
"email_02": "abuse@telkom.net.id.",
"email_03": "abuse@telkom.net.id",
"email_04": "",
"email_05": "",
"email_06": "",
"email_07": "",
"email_08": "",
"email_09": "",
"email_10": "",
"fax_01": "+62-21-3861215",
"fax_02": "",
"fax_03": "",
"hostmax_01": "222.124.153.238",
"hostmax_02": "222.124.153.254",
"hostmax_03": "",
"hostmax_04": "",
"hostmax_05": "",
"hostmax_06": "",
"hostmax_07": "",
"hostmax_08": "",
"hostmax_09": "",
"hostmax_10": "",
"hostmin_01": "222.124.153.233",
"hostmin_02": "222.124.153.1",
"hostmin_03": "",
"hostmin_04": "",
"hostmin_05": "",
"hostmin_06": "",
"hostmin_07": "",
"hostmin_08": "",
"hostmin_09": "",
"hostmin_10": "",
"inetnum_01": "222.124.153.232/29",
"inetnum_02": "222.124.153.0/24",
"inetnum_03": "",
"inetnum_04": "",
"inetnum_05": "",
"inetnum_06": "",
"inetnum_07": "",
"inetnum_08": "",
"inetnum_09": "",
"inetnum_10": "",
"info": "",
"mnt_01": "MAINT-TELKOMNET",
"mnt_02": "",
"mnt_03": "",
"mnt_04": "",
"mnt_05": "",
"mnt_06": "",
"name": "",
"netcount_01": "6",
"netcount_02": "254",
"netcount_03": "",
"netcount_04": "",
"netcount_05": "",
"netcount_06": "",
"netcount_07": "",
"netcount_08": "",
"netcount_09": "",
"netcount_10": "",
"netmask_01": "255.255.255.248",
"netmask_02": "255.255.255.0",
"netmask_03": "",
"netmask_04": "",
"netmask_05": "",
"netmask_06": "",
"netmask_07": "",
"netmask_08": "",
"netmask_09": "",
"netmask_10": "",
"netname_01": "TLKM_D7_AST_CUSTOMER",
"netname_02": "",
"nichdl_01": "AI64-AP",
"nichdl_02": "HM444-AP",
"nichdl_03": "",
"nichdl_04": "",
"nichdl_05": "",
"notes": "",
"nserver_01": "",
"nserver_02": "",
"nserver_03": "",
"nslastaa_01": "",
"nslastaa_02": "",
"organization_01": "",
"organization_02": "",
"organization_03": "",
"organization_04": "",
"organization_05": "",
"orgname_01": "",
"orgname_02": "",
"orgname_03": "",
"orgname_04": "",
"orgname_05": "",
"originas_01": "AS17974",
"originas_02": "",
"originas_03": "",
"originas_04": "",
"originas_05": "",
"originas_06": "",
"originas_07": "",
"originas_08": "",
"originas_09": "",
"originas_10": "",
"other_01": "HM444-AP",
"other_02": "AI64-AP",
"other_03": "ASSIGNED NON-PORTABLE",
"other_04": "PT Telkom Indonesia ABUSE INTERNET Response Team",
"other_05": "",
"other_06": "",
"other_07": "",
"other_08": "",
"other_09": "",
"other_10": "",
"parent_01": "",
"parent_02": "",
"parent_03": "",
"person_01": "PT Telkom Indonesia Hostmaster",
"person_02": "",
"person_03": "",
"phone_01": "+62-21-3860500",
"phone_02": "",
"phone_03": "",
"postalcode_01": "",
"postalcode_02": "",
"ref_01": "",
"ref_02": "",
"ref_03": "",
"ref_04": "",
"ref_05": "",
"ref_06": "",
"ref_07": "",
"ref_08": "",
"ref_09": "",
"ref_10": "",
"regdate_01": "",
"regdate_02": "",
"remarks_01": "Send ABUSE and SPAM reports with plain ASCII text only to",
"remarks_02": "to abuse@telkom.net.id.",
"remarks_03": "The netname enclosed in square bracket is included in the subject.",
"remarks_04": "",
"remarks_05": "",
"remarks_06": "",
"remarks_07": "",
"remarks_08": "",
"remarks_09": "",
"remarks_10": "",
"route_01": "222.124.153.0/24",
"route_02": "",
"rwhois_01": "",
"rwhois_02": "",
"rwhois_03": "",
"rwhois_04": "",
"rwhois_05": "",
"source": "APNIC",
"state_01": "",
"state_02": "",
"updated_01": "",
"updated_02": "",
"updated_03": "",
"updated_at": "",
"w_address_01": "PT. TELKOM INDONESIA",
"w_address_02": "Menara Multimedia Lt. 7",
"w_address_03": "Jl. Kebonsirih No.12",
"w_address_04": "JAKARTA",
"w_address_05": "",
"w_address_06": "",
"w_address_07": "",
"w_address_08": "",
"w_address_09": "",
"w_address_10": "",
}
