{
"abuse_01": "ipas@cnnic.cn",
"abuse_02": "",
"abuse_03": "",
"abuse_04": "",
"abuse_05": "",
"address": "42.120.0.0",
"changed_01": "ipas@cnnic.cn 20140730",
"changed_02": "ipas@cnnic.cn 20110428",
"changed_03": "ipas@cnnic.net 20130730",
"cidr_01": "",
"cidr_02": "",
"city_01": "",
"city_02": "",
"comments_01": "",
"comments_02": "",
"comments_03": "",
"comments_04": "",
"comments_05": "",
"comments_06": "",
"comments_07": "",
"comments_08": "",
"comments_09": "",
"comments_10": "",
"country_01": "CN",
"country_02": "",
"created_at: 2015-07-07 20:22": "06 UTC",
"descr_01": "Aliyun Computing Co.  LTD",
"descr_02": "5F  Builing D  the West Lake International Plaza of S&T",
"descr_03": "No.391 Wen er Road  Hangzhou  Zhejiang  China  310099",
"descr_04": "",
"descr_05": "",
"descr_06": "",
"descr_07": "",
"descr_08": "",
"descr_09": "",
"descr_10": "",
"email_01": "ipas@cnnic.cn",
"email_02": "jiali.jl@alibaba-inc.com",
"email_03": "ipas@cnnic.net",
"email_04": "anti-spam@list.alibaba-inc.com",
"email_05": "cloud-cc-sqcloud@list.alibaba-inc.com",
"email_06": "guowei.pangw@alibaba-inc.com",
"email_07": "",
"email_08": "",
"email_09": "",
"email_10": "",
"fax_01": "+86-0571-85022600",
"fax_02": "",
"fax_03": "",
"hostmax_01": "42.120.63.254",
"hostmax_02": "",
"hostmax_03": "",
"hostmax_04": "",
"hostmax_05": "",
"hostmax_06": "",
"hostmax_07": "",
"hostmax_08": "",
"hostmax_09": "",
"hostmax_10": "",
"hostmin_01": "42.120.0.1",
"hostmin_02": "",
"hostmin_03": "",
"hostmin_04": "",
"hostmin_05": "",
"hostmin_06": "",
"hostmin_07": "",
"hostmin_08": "",
"hostmin_09": "",
"hostmin_10": "",
"inetnum_01": "42.120.0.0/18",
"inetnum_02": "",
"inetnum_03": "",
"inetnum_04": "",
"inetnum_05": "",
"inetnum_06": "",
"inetnum_07": "",
"inetnum_08": "",
"inetnum_09": "",
"inetnum_10": "",
"info": "",
"mnt_01": "MAINT-CNNIC-AP",
"mnt_02": "IRT-CNNIC-CN",
"mnt_03": "",
"mnt_04": "",
"mnt_05": "",
"mnt_06": "",
"name": "",
"netcount_01": "16382",
"netcount_02": "",
"netcount_03": "",
"netcount_04": "",
"netcount_05": "",
"netcount_06": "",
"netcount_07": "",
"netcount_08": "",
"netcount_09": "",
"netcount_10": "",
"netmask_01": "255.255.192.0",
"netmask_02": "",
"netmask_03": "",
"netmask_04": "",
"netmask_05": "",
"netmask_06": "",
"netmask_07": "",
"netmask_08": "",
"netmask_09": "",
"netmask_10": "",
"netname_01": "ALISOFT",
"netname_02": "",
"nichdl_01": "ZM1015-AP",
"nichdl_02": "ZM875-AP",
"nichdl_03": "ZM876-AP",
"nichdl_04": "ZM877-AP",
"nichdl_05": "",
"notes": "",
"nserver_01": "",
"nserver_02": "",
"nserver_03": "",
"nslastaa_01": "",
"nslastaa_02": "",
"organization_01": "",
"organization_02": "",
"organization_03": "",
"organization_04": "",
"organization_05": "",
"orgname_01": "",
"orgname_02": "",
"orgname_03": "",
"orgname_04": "",
"orgname_05": "",
"originas_01": "",
"originas_02": "",
"originas_03": "",
"originas_04": "",
"originas_05": "",
"originas_06": "",
"originas_07": "",
"originas_08": "",
"originas_09": "",
"originas_10": "",
"other_01": "ZM1015-AP",
"other_02": "ZM877-AP",
"other_03": "ZM876-AP",
"other_04": "ZM875-AP",
"other_05": "ALLOCATED PORTABLE",
"other_06": "IRT-CNNIC-CN",
"other_07": "IP50-AP",
"other_08": "",
"other_09": "",
"other_10": "",
"parent_01": "",
"parent_02": "",
"parent_03": "",
"person_01": "Li Jia",
"person_02": "Guoxin Gao",
"person_03": "security trouble",
"phone_01": "+86-0571-85022088",
"phone_02": "+86-0571-85022600",
"phone_03": "+86-0571-85022088-30763",
"postalcode_01": "",
"postalcode_02": "",
"ref_01": "",
"ref_02": "",
"ref_03": "",
"ref_04": "",
"ref_05": "",
"ref_06": "",
"ref_07": "",
"ref_08": "",
"ref_09": "",
"ref_10": "",
"regdate_01": "",
"regdate_02": "",
"remarks_01": "Please note that CNNIC is not an ISP and is not",
"remarks_02": "empowered to investigate complaints of network abuse.",
"remarks_03": "Please contact the tech-c or admin-c of the network.",
"remarks_04": "",
"remarks_05": "",
"remarks_06": "",
"remarks_07": "",
"remarks_08": "",
"remarks_09": "",
"remarks_10": "",
"route_01": "",
"route_02": "",
"rwhois_01": "",
"rwhois_02": "",
"rwhois_03": "",
"rwhois_04": "",
"rwhois_05": "",
"source": "APNIC",
"state_01": "",
"state_02": "",
"updated_01": "",
"updated_02": "",
"updated_03": "",
"updated_at": "",
"w_address_01": "Beijing  China",
"w_address_02": "NO.969 West Wen Yi Road  Yu Hang District  Hangzhou",
"w_address_03": "5F  Builing D  the West Lake International Plaza of S&T",
"w_address_04": "No.391 Wen er Road  Hangzhou City",
"w_address_05": "Zhejiang  China  310099",
"w_address_06": "5th floor Building D the West Lake International Plaza of S&T 391",
"w_address_07": "Hangzhou  Zhejiang  China",
"w_address_08": "",
"w_address_09": "",
"w_address_10": "",
}
