{
"abuse_01": "ABUSE3850-ARIN",
"abuse_02": "Abuse Contact",
"abuse_03": "+31205354444 ",
"abuse_04": "abuse@ripe.net",
"abuse_05: http": "//whois.arin.net/rest/poc/ABUSE3850-ARIN",
"address": "128.199.211.55",
"changed_01": "",
"changed_02": "",
"changed_03": "",
"cidr_01": "128.199.0.0/16",
"cidr_02": "",
"city_01": "Amsterdam",
"city_02": "",
"comments_01": "These addresses have been further assigned to users in",
"comments_02": "the RIPE NCC region.  Contact information can be found in",
"comments_03: the ripe database@http": "//www.ripe.net/whois",
"comments_04": "",
"comments_05": "",
"comments_06": "",
"comments_07": "",
"comments_08": "",
"comments_09": "",
"comments_10": "",
"country_01": "NL",
"country_02": "SG",
"created_at: 2015-07-07 20:22": "06 UTC",
"descr_01": "DigitalOcean Cloud",
"descr_02": "",
"descr_03": "",
"descr_04": "",
"descr_05": "",
"descr_06": "",
"descr_07": "",
"descr_08": "",
"descr_09": "",
"descr_10": "",
"email_01": "abuse@ripe.net",
"email_02": "hostmaster@ripe.net",
"email_03": "abuse@digitalocean.com",
"email_04": "",
"email_05": "",
"email_06": "",
"email_07": "",
"email_08": "",
"email_09": "",
"email_10": "",
"fax_01": "",
"fax_02": "",
"fax_03": "",
"hostmax_01": "128.199.255.254",
"hostmax_02": "",
"hostmax_03": "",
"hostmax_04": "",
"hostmax_05": "",
"hostmax_06": "",
"hostmax_07": "",
"hostmax_08": "",
"hostmax_09": "",
"hostmax_10": "",
"hostmin_01": "128.199.0.1",
"hostmin_02": "",
"hostmin_03": "",
"hostmin_04": "",
"hostmin_05": "",
"hostmin_06": "",
"hostmin_07": "",
"hostmin_08": "",
"hostmin_09": "",
"hostmin_10": "",
"inetnum_01": "128.199.0.0/16",
"inetnum_02": "",
"inetnum_03": "",
"inetnum_04": "",
"inetnum_05": "",
"inetnum_06": "",
"inetnum_07": "",
"inetnum_08": "",
"inetnum_09": "",
"inetnum_10": "",
"info": "",
"mnt_01": "digitalocean",
"mnt_02": "RIPE-NCC-HM-MNT",
"mnt_03": "",
"mnt_04": "",
"mnt_05": "",
"mnt_06": "",
"name": "",
"netcount_01": "65534",
"netcount_02": "",
"netcount_03": "",
"netcount_04": "",
"netcount_05": "",
"netcount_06": "",
"netcount_07": "",
"netcount_08": "",
"netcount_09": "",
"netcount_10": "",
"netmask_01": "255.255.0.0",
"netmask_02": "",
"netmask_03": "",
"netmask_04": "",
"netmask_05": "",
"netmask_06": "",
"netmask_07": "",
"netmask_08": "",
"netmask_09": "",
"netmask_10": "",
"netname_01": "RIPE-ERX-128-199-0-0",
"netname_02": "DOPI1",
"nichdl_01": "NET-128-199-0-0-1",
"nichdl_02": "RNO29-ARIN",
"nichdl_03": "BU332-RIPE",
"nichdl_04": "",
"nichdl_05": "",
"notes": "",
"nserver_01": "",
"nserver_02": "",
"nserver_03": "",
"nslastaa_01": "",
"nslastaa_02": "",
"organization_01": "RIPE Network Coordination Centre ( RIPE )",
"organization_02": "",
"organization_03": "",
"organization_04": "",
"organization_05": "",
"orgname_01": "RIPE Network Coordination Centre",
"orgname_02": "RIPE NCC Operations",
"orgname_03": "Digital Ocean  Inc.",
"orgname_04": "",
"orgname_05": "",
"originas_01": "",
"originas_02": "",
"originas_03": "",
"originas_04": "",
"originas_05": "",
"originas_06": "",
"originas_07": "",
"originas_08": "",
"originas_09": "",
"originas_10": "",
"other_01": "Early Registrations  Transferred to RIPE NCC",
"other_02": "2007-03-20",
"other_03": "RIPE",
"other_04": "2013-07-29",
"other_05": "BU332-RIPE",
"other_06": "LEGACY",
"other_07": "ORG-DOI2-RIPE",
"other_08": "LIR",
"other_09": "",
"other_10": "",
"parent_01": "NET128 ( NET-128-0-0-0-0 )",
"parent_02": "",
"parent_03": "",
"person_01": "Ben Uretsky",
"person_02": "",
"person_03": "",
"phone_01": "+31 20 535 4444 ",
"phone_02": "+1 888 890 6714",
"phone_03": "+16463978051",
"postalcode_01": "1001EB",
"postalcode_02": "",
"ref_01: http": "//whois.arin.net/rest/net/NET-128-199-0-0-1",
"ref_02: http": "//whois.arin.net/rest/org/RIPE",
"ref_03": "43",
"ref_04: http": "//whois.arin.net/rest/poc/RNO29-ARIN",
"ref_05": "digitalocean",
"ref_06": "RIPE-NCC-HM-MNT",
"ref_07": "",
"ref_08": "",
"ref_09": "",
"ref_10": "",
"regdate_01": "2007-03-20",
"regdate_02": "",
"remarks_01: for information on  status:  attribute readhttps": "//www.ripe.net/data-tools/db/faq/faq-status-values-legacy-resources",
"remarks_02": "",
"remarks_03": "",
"remarks_04": "",
"remarks_05": "",
"remarks_06": "",
"remarks_07": "",
"remarks_08": "",
"remarks_09": "",
"remarks_10": "",
"route_01": "",
"route_02": "",
"rwhois_01: whois.ripe.net": "43.",
"rwhois_02": "",
"rwhois_03": "",
"rwhois_04": "",
"rwhois_05": "",
"source": "RIPE",
"state_01": "",
"state_02": "",
"updated_01": "",
"updated_02": "",
"updated_03": "",
"updated_at": "",
"w_address_01": "P.O. Box 10096",
"w_address_02": "DigitalOcean  Inc.",
"w_address_03": "Ben Uretsky",
"w_address_04": "101 Ave of the Americas",
"w_address_05": "New York",
"w_address_06": "10013",
"w_address_07": "UNITED STATES",
"w_address_08": "101 Ave of the Americas  10th Floor",
"w_address_09": "New York  NY 10013",
"w_address_10": "",
}
