{
"abuse_01": "ABUSE3850-ARIN",
"abuse_02": "Abuse Contact",
"abuse_03": "+31205354444 ",
"abuse_04": "abuse@ripe.net",
"abuse_05: http": "//whois.arin.net/rest/poc/ABUSE3850-ARIN",
"address": "141.101.201.0",
"changed_01": "",
"changed_02": "",
"changed_03": "",
"cidr_01": "141.0.0.0/8",
"cidr_02": "",
"city_01": "Amsterdam",
"city_02": "",
"comments_01": "These addresses have been further assigned to users in",
"comments_02": "the RIPE NCC region.  Contact information can be found in",
"comments_03: the ripe database@http": "//www.ripe.net/whois",
"comments_04": "",
"comments_05": "",
"comments_06": "",
"comments_07": "",
"comments_08": "",
"comments_09": "",
"comments_10": "",
"country_01": "NL",
"country_02": "RU",
"created_at: 2015-07-07 20:22": "06 UTC",
"descr_01": "IE Trusov Ilya Igorevych",
"descr_02": "DEPO40 Russia route",
"descr_03": "",
"descr_04": "",
"descr_05": "",
"descr_06": "",
"descr_07": "",
"descr_08": "",
"descr_09": "",
"descr_10": "",
"email_01": "hostmaster@ripe.net",
"email_02": "abuse@ripe.net",
"email_03": "info@leadertelecom.ru",
"email_04": "abusemail@depo40.ru",
"email_05": "",
"email_06": "",
"email_07": "",
"email_08": "",
"email_09": "",
"email_10": "",
"fax_01": "",
"fax_02": "",
"fax_03": "",
"hostmax_01": "141.255.255.254",
"hostmax_02": "141.101.201.254",
"hostmax_03": "",
"hostmax_04": "",
"hostmax_05": "",
"hostmax_06": "",
"hostmax_07": "",
"hostmax_08": "",
"hostmax_09": "",
"hostmax_10": "",
"hostmin_01": "141.0.0.1",
"hostmin_02": "141.101.201.1",
"hostmin_03": "",
"hostmin_04": "",
"hostmin_05": "",
"hostmin_06": "",
"hostmin_07": "",
"hostmin_08": "",
"hostmin_09": "",
"hostmin_10": "",
"inetnum_01": "141.0.0.0/8",
"inetnum_02": "141.101.201.0/24",
"inetnum_03": "",
"inetnum_04": "",
"inetnum_05": "",
"inetnum_06": "",
"inetnum_07": "",
"inetnum_08": "",
"inetnum_09": "",
"inetnum_10": "",
"info": "",
"mnt_01": "lidertelecom-mnt",
"mnt_02": "MNT-DEPO40",
"mnt_03": "",
"mnt_04": "",
"mnt_05": "",
"mnt_06": "",
"name": "",
"netcount_01": "16777214",
"netcount_02": "254",
"netcount_03": "",
"netcount_04": "",
"netcount_05": "",
"netcount_06": "",
"netcount_07": "",
"netcount_08": "",
"netcount_09": "",
"netcount_10": "",
"netmask_01": "255.0.0.0",
"netmask_02": "255.255.255.0",
"netmask_03": "",
"netmask_04": "",
"netmask_05": "",
"netmask_06": "",
"netmask_07": "",
"netmask_08": "",
"netmask_09": "",
"netmask_10": "",
"netname_01": "RIPE-ERX-141",
"netname_02": "DEPO40-NET",
"nichdl_01": "NET-141-0-0-0-0",
"nichdl_02": "RNO29-ARIN",
"nichdl_03": "TII10-RIPE",
"nichdl_04": "",
"nichdl_05": "",
"notes": "",
"nserver_01": "",
"nserver_02": "",
"nserver_03": "",
"nslastaa_01": "",
"nslastaa_02": "",
"organization_01": "RIPE Network Coordination Centre ( RIPE )",
"organization_02": "",
"organization_03": "",
"organization_04": "",
"organization_05": "",
"orgname_01": "RIPE Network Coordination Centre",
"orgname_02": "RIPE NCC Operations",
"orgname_03": "",
"orgname_04": "",
"orgname_05": "",
"originas_01": "",
"originas_02": "AS199793",
"originas_03": "",
"originas_04": "",
"originas_05": "",
"originas_06": "",
"originas_07": "",
"originas_08": "",
"originas_09": "",
"originas_10": "",
"other_01": "Early Registrations  Maintained by RIPE NCC",
"other_02": "2009-05-18",
"other_03": "RIPE",
"other_04": "2013-07-29",
"other_05": "TII10-RIPE",
"other_06": "ASSIGNED PA",
"other_07": "",
"other_08": "",
"other_09": "",
"other_10": "",
"parent_01": "",
"parent_02": "",
"parent_03": "",
"person_01": "Trusov Ilya Igorevych",
"person_02": "",
"person_03": "",
"phone_01": "+31 20 535 4444 ",
"phone_02": "+79533100064",
"phone_03": "",
"postalcode_01": "1001EB",
"postalcode_02": "",
"ref_01: http": "//whois.arin.net/rest/net/NET-141-0-0-0-0",
"ref_02: http": "//whois.arin.net/rest/org/RIPE",
"ref_03": "43",
"ref_04: http": "//whois.arin.net/rest/poc/RNO29-ARIN",
"ref_05": "",
"ref_06": "",
"ref_07": "",
"ref_08": "",
"ref_09": "",
"ref_10": "",
"regdate_01": "1993-05-01",
"regdate_02": "",
"remarks_01": "Depo Data Center Kaluga",
"remarks_02": "",
"remarks_03": "",
"remarks_04": "",
"remarks_05": "",
"remarks_06": "",
"remarks_07": "",
"remarks_08": "",
"remarks_09": "",
"remarks_10": "",
"route_01": "141.101.201.0/24",
"route_02": "",
"rwhois_01: whois.ripe.net": "43.",
"rwhois_02": "",
"rwhois_03": "",
"rwhois_04": "",
"rwhois_05": "",
"source": "RIPE",
"state_01": "",
"state_02": "",
"updated_01": "",
"updated_02": "",
"updated_03": "",
"updated_at": "",
"w_address_01": "P.O. Box 10096",
"w_address_02": "249806  Russia  Kaluga region  Moscow Street 258  office 16",
"w_address_03": "",
"w_address_04": "",
"w_address_05": "",
"w_address_06": "",
"w_address_07": "",
"w_address_08": "",
"w_address_09": "",
"w_address_10": "",
}
