{
"abuse_01": "ABUSE3850-ARIN",
"abuse_02": "Abuse Contact",
"abuse_03": "+31205354444 ",
"abuse_04": "abuse@ripe.net",
"abuse_05: http": "//whois.arin.net/rest/poc/ABUSE3850-ARIN",
"address": "144.76.0.0",
"changed_01": "",
"changed_02": "",
"changed_03": "",
"cidr_01": "144.76.0.0/16",
"cidr_02": "",
"city_01": "Amsterdam",
"city_02": "",
"comments_01": "These addresses have been further assigned to users in",
"comments_02": "the RIPE NCC region.  Contact information can be found in",
"comments_03: the ripe database@http": "//www.ripe.net/whois",
"comments_04": "",
"comments_05": "",
"comments_06": "",
"comments_07": "",
"comments_08": "",
"comments_09": "",
"comments_10": "",
"country_01": "NL",
"country_02": "DE",
"created_at: 2015-07-07 20:22": "06 UTC",
"descr_01": "Hetzner Online AG",
"descr_02": "Datacenter 19",
"descr_03": "HETZNER-RZ-BLK-ERX1",
"descr_04": "",
"descr_05": "",
"descr_06": "",
"descr_07": "",
"descr_08": "",
"descr_09": "",
"descr_10": "",
"email_01": "abuse@ripe.net",
"email_02": "hostmaster@ripe.net",
"email_03": "abuse@hetzner.de",
"email_04": "peering@hetzner.de",
"email_05": "",
"email_06": "",
"email_07": "",
"email_08": "",
"email_09": "",
"email_10": "",
"fax_01": "+49 9831 61 00 62",
"fax_02": "+49 9831 610062",
"fax_03": "",
"hostmax_01": "144.76.255.254",
"hostmax_02": "144.76.0.30",
"hostmax_03": "",
"hostmax_04": "",
"hostmax_05": "",
"hostmax_06": "",
"hostmax_07": "",
"hostmax_08": "",
"hostmax_09": "",
"hostmax_10": "",
"hostmin_01": "144.76.0.1",
"hostmin_02": "144.76.0.1",
"hostmin_03": "",
"hostmin_04": "",
"hostmin_05": "",
"hostmin_06": "",
"hostmin_07": "",
"hostmin_08": "",
"hostmin_09": "",
"hostmin_10": "",
"inetnum_01": "144.76.0.0/16",
"inetnum_02": "144.76.0.0/27",
"inetnum_03": "",
"inetnum_04": "",
"inetnum_05": "",
"inetnum_06": "",
"inetnum_07": "",
"inetnum_08": "",
"inetnum_09": "",
"inetnum_10": "",
"info": "",
"mnt_01": "HOS-GUN",
"mnt_02": "RIPE-NCC-HM-MNT",
"mnt_03": "",
"mnt_04": "",
"mnt_05": "",
"mnt_06": "",
"name": "",
"netcount_01": "65534",
"netcount_02": "30",
"netcount_03": "",
"netcount_04": "",
"netcount_05": "",
"netcount_06": "",
"netcount_07": "",
"netcount_08": "",
"netcount_09": "",
"netcount_10": "",
"netmask_01": "255.255.0.0",
"netmask_02": "255.255.255.224",
"netmask_03": "",
"netmask_04": "",
"netmask_05": "",
"netmask_06": "",
"netmask_07": "",
"netmask_08": "",
"netmask_09": "",
"netmask_10": "",
"netname_01": "RIPE-ERX-144-76-0-0",
"netname_02": "HETZNER-RZ19",
"nichdl_01": "NET-144-76-0-0-1",
"nichdl_02": "RNO29-ARIN",
"nichdl_03": "HOAC1-RIPE",
"nichdl_04": "",
"nichdl_05": "",
"notes": "",
"nserver_01": "",
"nserver_02": "",
"nserver_03": "",
"nslastaa_01": "",
"nslastaa_02": "",
"organization_01": "RIPE Network Coordination Centre ( RIPE )",
"organization_02": "",
"organization_03": "",
"organization_04": "",
"organization_05": "",
"orgname_01": "RIPE Network Coordination Centre",
"orgname_02": "RIPE NCC Operations",
"orgname_03": "Hetzner Online AG",
"orgname_04": "",
"orgname_05": "",
"originas_01": "",
"originas_02": "AS24940",
"originas_03": "",
"originas_04": "",
"originas_05": "",
"originas_06": "",
"originas_07": "",
"originas_08": "",
"originas_09": "",
"originas_10": "",
"other_01": "Early Registrations  Transferred to RIPE NCC",
"other_02": "2004-01-07",
"other_03": "RIPE",
"other_04": "2013-07-29",
"other_05": "HOAC1-RIPE",
"other_06": "LEGACY",
"other_07": "Hetzner Online AG - Contact Role",
"other_08": "ORG-HOA1-RIPE",
"other_09": "MH375-RIPE",
"other_10": "GM834-RIPE",
"parent_01": "NET144 ( NET-144-0-0-0-0 )",
"parent_02": "",
"parent_03": "",
"person_01": "",
"person_02": "",
"person_03": "",
"phone_01": "+31 20 535 4444 ",
"phone_02": "+49 9831 61 00 61",
"phone_03": "+49 9831 610061",
"postalcode_01": "1001EB",
"postalcode_02": "",
"ref_01: http": "//whois.arin.net/rest/net/NET-144-76-0-0-1",
"ref_02: http": "//whois.arin.net/rest/org/RIPE",
"ref_03": "43",
"ref_04: http": "//whois.arin.net/rest/poc/RNO29-ARIN",
"ref_05": "HOS-GUN",
"ref_06": "RIPE-NCC-HM-MNT",
"ref_07": "",
"ref_08": "",
"ref_09": "",
"ref_10": "",
"regdate_01": "2004-01-07",
"regdate_02": "",
"remarks_01: for information on  status:  attribute readhttps": "//www.ripe.net/data-tools/db/faq/faq-status-values-legacy-resources",
"remarks_02": "INFRA-AW",
"remarks_03": "* For spam/abuse/security issues please contact *",
"remarks_04": "*   abuse@hetzner.de  not this address.         *",
"remarks_05": "*   The contents of your abuse email will be    *",
"remarks_06": "*   forwarded directly on to our client for     *",
"remarks_07": "*   handling.                                   *",
"remarks_08": "*    Any questions on Peering please send to    *",
"remarks_09": "*              peering@hetzner.de               *",
"remarks_10": "",
"route_01": "144.76.0.0/16",
"route_02": "",
"rwhois_01: whois.ripe.net": "43.",
"rwhois_02": "",
"rwhois_03": "",
"rwhois_04": "",
"rwhois_05": "",
"source": "RIPE",
"state_01": "",
"state_02": "",
"updated_01": "",
"updated_02": "",
"updated_03": "",
"updated_at": "",
"w_address_01": "P.O. Box 10096",
"w_address_02": "Hetzner Online AG",
"w_address_03": "Stuttgarter Strasse 1",
"w_address_04": "D-91710 Gunzenhausen",
"w_address_05": "Germany",
"w_address_06": "Attn. Martin Hetzner",
"w_address_07": "Industriestrasse 25",
"w_address_08": "91710",
"w_address_09": "Gunzenhausen",
"w_address_10": "GERMANY",
}
