{
"abuse_01": "abuse@hetzner.de",
"abuse_02": "HOAC1-RIPE",
"abuse_03": "",
"abuse_04": "",
"abuse_05": "",
"address": "178.63.0.0",
"changed_01": "",
"changed_02": "",
"changed_03": "",
"cidr_01": "",
"cidr_02": "",
"city_01": "",
"city_02": "",
"comments_01": "",
"comments_02": "",
"comments_03": "",
"comments_04": "",
"comments_05": "",
"comments_06": "",
"comments_07": "",
"comments_08": "",
"comments_09": "",
"comments_10": "",
"country_01": "DE",
"country_02": "",
"created_at: 2015-07-07 20:22": "06 UTC",
"descr_01": "Hetzner Online AG",
"descr_02": "Datacenter 10",
"descr_03": "HETZNER-RZ-FKS-BLK2",
"descr_04": "",
"descr_05": "",
"descr_06": "",
"descr_07": "",
"descr_08": "",
"descr_09": "",
"descr_10": "",
"email_01": "abuse@hetzner.de",
"email_02": "peering@hetzner.de",
"email_03": "",
"email_04": "",
"email_05": "",
"email_06": "",
"email_07": "",
"email_08": "",
"email_09": "",
"email_10": "",
"fax_01": "+49 9831 61 00 62",
"fax_02": "+49 9831 610062",
"fax_03": "",
"hostmax_01": "178.63.0.62",
"hostmax_02": "178.63.255.254",
"hostmax_03": "",
"hostmax_04": "",
"hostmax_05": "",
"hostmax_06": "",
"hostmax_07": "",
"hostmax_08": "",
"hostmax_09": "",
"hostmax_10": "",
"hostmin_01": "178.63.0.1",
"hostmin_02": "178.63.0.1",
"hostmin_03": "",
"hostmin_04": "",
"hostmin_05": "",
"hostmin_06": "",
"hostmin_07": "",
"hostmin_08": "",
"hostmin_09": "",
"hostmin_10": "",
"inetnum_01": "178.63.0.0/26",
"inetnum_02": "178.63.0.0/16",
"inetnum_03": "",
"inetnum_04": "",
"inetnum_05": "",
"inetnum_06": "",
"inetnum_07": "",
"inetnum_08": "",
"inetnum_09": "",
"inetnum_10": "",
"info": "",
"mnt_01": "HOS-GUN",
"mnt_02": "RIPE-NCC-HM-MNT",
"mnt_03": "",
"mnt_04": "",
"mnt_05": "",
"mnt_06": "",
"name": "",
"netcount_01": "62",
"netcount_02": "65534",
"netcount_03": "",
"netcount_04": "",
"netcount_05": "",
"netcount_06": "",
"netcount_07": "",
"netcount_08": "",
"netcount_09": "",
"netcount_10": "",
"netmask_01": "255.255.255.192",
"netmask_02": "255.255.0.0",
"netmask_03": "",
"netmask_04": "",
"netmask_05": "",
"netmask_06": "",
"netmask_07": "",
"netmask_08": "",
"netmask_09": "",
"netmask_10": "",
"netname_01": "HETZNER-RZ10",
"netname_02": "",
"nichdl_01": "HOAC1-RIPE",
"nichdl_02": "",
"nichdl_03": "",
"nichdl_04": "",
"nichdl_05": "",
"notes": "",
"nserver_01": "",
"nserver_02": "",
"nserver_03": "",
"nslastaa_01": "",
"nslastaa_02": "",
"organization_01": "",
"organization_02": "",
"organization_03": "",
"organization_04": "",
"organization_05": "",
"orgname_01": "Hetzner Online AG",
"orgname_02": "",
"orgname_03": "",
"orgname_04": "",
"orgname_05": "",
"originas_01": "AS24940",
"originas_02": "",
"originas_03": "",
"originas_04": "",
"originas_05": "",
"originas_06": "",
"originas_07": "",
"originas_08": "",
"originas_09": "",
"originas_10": "",
"other_01": "HOAC1-RIPE",
"other_02": "ASSIGNED PA",
"other_03": "Hetzner Online AG - Contact Role",
"other_04": "ORG-HOA1-RIPE",
"other_05": "MH375-RIPE",
"other_06": "GM834-RIPE",
"other_07": "SK2374-RIPE",
"other_08": "TF2013-RIPE",
"other_09": "MF1400-RIPE",
"other_10": "SK8441-RIPE",
"parent_01": "",
"parent_02": "",
"parent_03": "",
"person_01": "",
"person_02": "",
"person_03": "",
"phone_01": "+49 9831 61 00 61",
"phone_02": "+49 9831 610061",
"phone_03": "",
"postalcode_01": "",
"postalcode_02": "",
"ref_01": "HOS-GUN",
"ref_02": "RIPE-NCC-HM-MNT",
"ref_03": "",
"ref_04": "",
"ref_05": "",
"ref_06": "",
"ref_07": "",
"ref_08": "",
"ref_09": "",
"ref_10": "",
"regdate_01": "",
"regdate_02": "",
"remarks_01": "* For spam/abuse/security issues please contact *",
"remarks_02": "*   abuse@hetzner.de  not this address.         *",
"remarks_03": "*   The contents of your abuse email will be    *",
"remarks_04": "*   forwarded directly on to our client for     *",
"remarks_05": "*   handling.                                   *",
"remarks_06": "*    Any questions on Peering please send to    *",
"remarks_07": "*              peering@hetzner.de               *",
"remarks_08": "",
"remarks_09": "",
"remarks_10": "",
"route_01": "178.63.0.0/16",
"route_02": "",
"rwhois_01": "",
"rwhois_02": "",
"rwhois_03": "",
"rwhois_04": "",
"rwhois_05": "",
"source": "RIPE",
"state_01": "",
"state_02": "",
"updated_01": "",
"updated_02": "",
"updated_03": "",
"updated_at": "",
"w_address_01": "Hetzner Online AG",
"w_address_02": "Stuttgarter Strasse 1",
"w_address_03": "D-91710 Gunzenhausen",
"w_address_04": "Germany",
"w_address_05": "Attn. Martin Hetzner",
"w_address_06": "Industriestrasse 25",
"w_address_07": "91710",
"w_address_08": "Gunzenhausen",
"w_address_09": "GERMANY",
"w_address_10": "",
}
