{
"abuse_01": "admin@xlho.st",
"abuse_02": "HOAC1-RIPE",
"abuse_03": "",
"abuse_04": "",
"abuse_05": "",
"address": "188.40.249.64",
"changed_01": "",
"changed_02": "",
"changed_03": "",
"cidr_01": "",
"cidr_02": "",
"city_01": "",
"city_02": "",
"comments_01": "",
"comments_02": "",
"comments_03": "",
"comments_04": "",
"comments_05": "",
"comments_06": "",
"comments_07": "",
"comments_08": "",
"comments_09": "",
"comments_10": "",
"country_01": "DE",
"country_02": "",
"created_at: 2015-07-07 20:22": "06 UTC",
"descr_01": "Dmitriy Kamelkov",
"descr_02": "HETZNER-RZ-FKS-BLK1",
"descr_03": "",
"descr_04": "",
"descr_05": "",
"descr_06": "",
"descr_07": "",
"descr_08": "",
"descr_09": "",
"descr_10": "",
"email_01": "abuse@hetzner.de",
"email_02": "admin@xlho.st",
"email_03": "",
"email_04": "",
"email_05": "",
"email_06": "",
"email_07": "",
"email_08": "",
"email_09": "",
"email_10": "",
"fax_01": "+49 9831 610062",
"fax_02": "",
"fax_03": "",
"hostmax_01": "188.40.249.94",
"hostmax_02": "188.40.255.254",
"hostmax_03": "",
"hostmax_04": "",
"hostmax_05": "",
"hostmax_06": "",
"hostmax_07": "",
"hostmax_08": "",
"hostmax_09": "",
"hostmax_10": "",
"hostmin_01": "188.40.249.65",
"hostmin_02": "188.40.0.1",
"hostmin_03": "",
"hostmin_04": "",
"hostmin_05": "",
"hostmin_06": "",
"hostmin_07": "",
"hostmin_08": "",
"hostmin_09": "",
"hostmin_10": "",
"inetnum_01": "188.40.249.64/27",
"inetnum_02": "188.40.0.0/16",
"inetnum_03": "",
"inetnum_04": "",
"inetnum_05": "",
"inetnum_06": "",
"inetnum_07": "",
"inetnum_08": "",
"inetnum_09": "",
"inetnum_10": "",
"info": "",
"mnt_01": "HOS-GUN",
"mnt_02": "RIPE-NCC-HM-MNT",
"mnt_03": "",
"mnt_04": "",
"mnt_05": "",
"mnt_06": "",
"name": "",
"netcount_01": "30",
"netcount_02": "65534",
"netcount_03": "",
"netcount_04": "",
"netcount_05": "",
"netcount_06": "",
"netcount_07": "",
"netcount_08": "",
"netcount_09": "",
"netcount_10": "",
"netmask_01": "255.255.255.224",
"netmask_02": "255.255.0.0",
"netmask_03": "",
"netmask_04": "",
"netmask_05": "",
"netmask_06": "",
"netmask_07": "",
"netmask_08": "",
"netmask_09": "",
"netmask_10": "",
"netname_01": "DMITRIY-KAMELKOV",
"netname_02": "",
"nichdl_01": "DK6238-RIPE",
"nichdl_02": "",
"nichdl_03": "",
"nichdl_04": "",
"nichdl_05": "",
"notes": "",
"nserver_01": "",
"nserver_02": "",
"nserver_03": "",
"nslastaa_01": "",
"nslastaa_02": "",
"organization_01": "",
"organization_02": "",
"organization_03": "",
"organization_04": "",
"organization_05": "",
"orgname_01": "Hetzner Online AG",
"orgname_02": "",
"orgname_03": "",
"orgname_04": "",
"orgname_05": "",
"originas_01": "AS24940",
"originas_02": "",
"originas_03": "",
"originas_04": "",
"originas_05": "",
"originas_06": "",
"originas_07": "",
"originas_08": "",
"originas_09": "",
"originas_10": "",
"other_01": "DK6238-RIPE",
"other_02": "ASSIGNED PA",
"other_03": "ORG-HOA1-RIPE",
"other_04": "LIR",
"other_05": "TF2013-RIPE",
"other_06": "MF1400-RIPE",
"other_07": "GM834-RIPE",
"other_08": "HOAC1-RIPE",
"other_09": "MH375-RIPE",
"other_10": "SK2374-RIPE",
"parent_01": "",
"parent_02": "",
"parent_03": "",
"person_01": "Dmitriy Kamelkov",
"person_02": "",
"person_03": "",
"phone_01": "+79537803279",
"phone_02": "+49 9831 610061",
"phone_03": "",
"postalcode_01": "",
"postalcode_02": "",
"ref_01": "HOS-GUN",
"ref_02": "RIPE-NCC-HM-MNT",
"ref_03": "",
"ref_04": "",
"ref_05": "",
"ref_06": "",
"ref_07": "",
"ref_08": "",
"ref_09": "",
"ref_10": "",
"regdate_01": "",
"regdate_02": "",
"remarks_01": "",
"remarks_02": "",
"remarks_03": "",
"remarks_04": "",
"remarks_05": "",
"remarks_06": "",
"remarks_07": "",
"remarks_08": "",
"remarks_09": "",
"remarks_10": "",
"route_01": "188.40.0.0/16",
"route_02": "",
"rwhois_01": "",
"rwhois_02": "",
"rwhois_03": "",
"rwhois_04": "",
"rwhois_05": "",
"source": "RIPE",
"state_01": "",
"state_02": "",
"updated_01": "",
"updated_02": "",
"updated_03": "",
"updated_at": "",
"w_address_01": "XLHOST",
"w_address_02": "Krupskoy  2  kv. 69",
"w_address_03": "606440 Bor",
"w_address_04": "RUSSIAN FEDERATION",
"w_address_05": "Hetzner Online AG",
"w_address_06": "Attn. Martin Hetzner",
"w_address_07": "Industriestrasse 25",
"w_address_08": "91710",
"w_address_09": "Gunzenhausen",
"w_address_10": "GERMANY",
}
