{
"abuse_01": "info@atlantstroy.biz  ***",
"abuse_02": "AR26146-RIPE",
"abuse_03": "info@atlantstroy.biz",
"abuse_04": "",
"abuse_05": "",
"address": "193.0.129.0",
"changed_01": "",
"changed_02": "",
"changed_03": "",
"cidr_01": "",
"cidr_02": "",
"city_01": "",
"city_02": "",
"comments_01": "",
"comments_02": "",
"comments_03": "",
"comments_04": "",
"comments_05": "",
"comments_06": "",
"comments_07": "",
"comments_08": "",
"comments_09": "",
"comments_10": "",
"country_01": "DE",
"country_02": "",
"created_at: 2015-07-07 20:22": "06 UTC",
"descr_01": "Atlant-Stroy ltd.",
"descr_02": "Atlant-Stroy LTD.",
"descr_03": "",
"descr_04": "",
"descr_05": "",
"descr_06": "",
"descr_07": "",
"descr_08": "",
"descr_09": "",
"descr_10": "",
"email_01": "abuse@pinspb.ru",
"email_02": "info@atlantstroy.biz",
"email_03": "",
"email_04": "",
"email_05": "",
"email_06": "",
"email_07": "",
"email_08": "",
"email_09": "",
"email_10": "",
"fax_01": "+7 81370 23808",
"fax_02": "",
"fax_03": "",
"hostmax_01": "193.0.129.254",
"hostmax_02": "",
"hostmax_03": "",
"hostmax_04": "",
"hostmax_05": "",
"hostmax_06": "",
"hostmax_07": "",
"hostmax_08": "",
"hostmax_09": "",
"hostmax_10": "",
"hostmin_01": "193.0.129.1",
"hostmin_02": "",
"hostmin_03": "",
"hostmin_04": "",
"hostmin_05": "",
"hostmin_06": "",
"hostmin_07": "",
"hostmin_08": "",
"hostmin_09": "",
"hostmin_10": "",
"inetnum_01": "193.0.129.0/24",
"inetnum_02": "",
"inetnum_03": "",
"inetnum_04": "",
"inetnum_05": "",
"inetnum_06": "",
"inetnum_07": "",
"inetnum_08": "",
"inetnum_09": "",
"inetnum_10": "",
"info": "",
"mnt_01": "RIPE-NCC-END-MNT",
"mnt_02": "MNT-ATLANTSTROY",
"mnt_03": "",
"mnt_04": "",
"mnt_05": "",
"mnt_06": "",
"name": "",
"netcount_01": "254",
"netcount_02": "",
"netcount_03": "",
"netcount_04": "",
"netcount_05": "",
"netcount_06": "",
"netcount_07": "",
"netcount_08": "",
"netcount_09": "",
"netcount_10": "",
"netmask_01": "255.255.255.0",
"netmask_02": "",
"netmask_03": "",
"netmask_04": "",
"netmask_05": "",
"netmask_06": "",
"netmask_07": "",
"netmask_08": "",
"netmask_09": "",
"netmask_10": "",
"netname_01": "ATLANTSTROY-NET",
"netname_02": "",
"nichdl_01": "AN10053-RIPE",
"nichdl_02": "",
"nichdl_03": "",
"nichdl_04": "",
"nichdl_05": "",
"notes": "",
"nserver_01": "",
"nserver_02": "",
"nserver_03": "",
"nslastaa_01": "",
"nslastaa_02": "",
"organization_01": "",
"organization_02": "",
"organization_03": "",
"organization_04": "",
"organization_05": "",
"orgname_01": "Atlant-Stroy ltd.",
"orgname_02": "",
"orgname_03": "",
"orgname_04": "",
"orgname_05": "",
"originas_01": "AS3189",
"originas_02": "",
"originas_03": "",
"originas_04": "",
"originas_05": "",
"originas_06": "",
"originas_07": "",
"originas_08": "",
"originas_09": "",
"originas_10": "",
"other_01": "ORG-Al240-RIPE",
"other_02": "AN10053-RIPE",
"other_03": "ASSIGNED PI",
"other_04": "ORG-PINl1-RIPE",
"other_05": "OTHER",
"other_06": "ATLANTSTROY NOC",
"other_07": "GMK19-RIPE",
"other_08": "KC1633-RIPE",
"other_09": "",
"other_10": "",
"parent_01": "",
"parent_02": "",
"parent_03": "",
"person_01": "",
"person_02": "",
"person_03": "",
"phone_01": "+7 81370 23806",
"phone_02": "+49 ( 721 ) 962840",
"phone_03": "",
"postalcode_01": "",
"postalcode_02": "",
"ref_01": "MNT-ATLANTSTROY",
"ref_02": "",
"ref_03": "",
"ref_04": "",
"ref_05": "",
"ref_06": "",
"ref_07": "",
"ref_08": "",
"ref_09": "",
"ref_10": "",
"regdate_01": "",
"regdate_02": "",
"remarks_01": "*** This IP block is used for private network ***",
"remarks_02": "***   customers           ***",
"remarks_03": "***  case of spam  please only deal with  ***",
"remarks_04": "***  originator IP only.                  ***",
"remarks_05": "*** DO NOT DEAL WITH THE WHOLE IP BLOCK   ***",
"remarks_06": "",
"remarks_07": "",
"remarks_08": "",
"remarks_09": "",
"remarks_10": "",
"route_01": "193.0.129.0/24",
"route_02": "",
"rwhois_01": "",
"rwhois_02": "",
"rwhois_03": "",
"rwhois_04": "",
"rwhois_05": "",
"source": "RIPE",
"state_01": "",
"state_02": "",
"updated_01": "",
"updated_02": "",
"updated_03": "",
"updated_at": "",
"w_address_01": "Leningrad region",
"w_address_02": "Vsevolozhsk",
"w_address_03": "Zavodskaya str.  6  room 402",
"w_address_04": "Russian Federation",
"w_address_05": "Kaiserstrasse 128",
"w_address_06": "76135 Karlsruhe",
"w_address_07": "GERMANY",
"w_address_08": "",
"w_address_09": "",
"w_address_10": "",
}
