{
"abuse_01": "abuse@mdl.net",
"abuse_02": "",
"abuse_03": "",
"abuse_04": "",
"abuse_05": "",
"address": "212.56.195.0",
"changed_01": "",
"changed_02": "",
"changed_03": "",
"cidr_01": "",
"cidr_02": "",
"city_01": "",
"city_02": "",
"comments_01": "",
"comments_02": "",
"comments_03": "",
"comments_04": "",
"comments_05": "",
"comments_06": "",
"comments_07": "",
"comments_08": "",
"comments_09": "",
"comments_10": "",
"country_01": "MD",
"country_02": "",
"created_at: 2015-07-07 20:22": "06 UTC",
"descr_01": "Orange Moldova Network",
"descr_02": "Chisinau  Republic of Moldova",
"descr_03": "Relsoft Communications",
"descr_04": "Network Operation Center  Moldova",
"descr_05": "",
"descr_06": "",
"descr_07": "",
"descr_08": "",
"descr_09": "",
"descr_10": "",
"email_01": "abuse@mdl.net",
"email_02": "abuse@orange.md",
"email_03": "noc@orange.md",
"email_04": "",
"email_05": "",
"email_06": "",
"email_07": "",
"email_08": "",
"email_09": "",
"email_10": "",
"fax_01": "+373-22-97-54-06",
"fax_02": "",
"fax_03": "",
"hostmax_01": "212.56.195.254",
"hostmax_02": "",
"hostmax_03": "",
"hostmax_04": "",
"hostmax_05": "",
"hostmax_06": "",
"hostmax_07": "",
"hostmax_08": "",
"hostmax_09": "",
"hostmax_10": "",
"hostmin_01": "212.56.195.1",
"hostmin_02": "",
"hostmin_03": "",
"hostmin_04": "",
"hostmin_05": "",
"hostmin_06": "",
"hostmin_07": "",
"hostmin_08": "",
"hostmin_09": "",
"hostmin_10": "",
"inetnum_01": "212.56.195.0/24",
"inetnum_02": "",
"inetnum_03": "",
"inetnum_04": "",
"inetnum_05": "",
"inetnum_06": "",
"inetnum_07": "",
"inetnum_08": "",
"inetnum_09": "",
"inetnum_10": "",
"info": "",
"mnt_01": "ORANGE-MD-NOC",
"mnt_02": "AS8923-MNT",
"mnt_03": "",
"mnt_04": "",
"mnt_05": "",
"mnt_06": "",
"name": "",
"netcount_01": "254",
"netcount_02": "",
"netcount_03": "",
"netcount_04": "",
"netcount_05": "",
"netcount_06": "",
"netcount_07": "",
"netcount_08": "",
"netcount_09": "",
"netcount_10": "",
"netmask_01": "255.255.255.0",
"netmask_02": "",
"netmask_03": "",
"netmask_04": "",
"netmask_05": "",
"netmask_06": "",
"netmask_07": "",
"netmask_08": "",
"netmask_09": "",
"netmask_10": "",
"netname_01": "RELSOFT-195",
"netname_02": "",
"nichdl_01": "OMD-RIPE",
"nichdl_02": "IR35210-RIPE",
"nichdl_03": "MCA-RIPE",
"nichdl_04": "",
"nichdl_05": "",
"notes": "",
"nserver_01": "",
"nserver_02": "",
"nserver_03": "",
"nslastaa_01": "",
"nslastaa_02": "",
"organization_01": "",
"organization_02": "",
"organization_03": "",
"organization_04": "",
"organization_05": "",
"orgname_01": "",
"orgname_02": "",
"orgname_03": "",
"orgname_04": "",
"orgname_05": "",
"originas_01": "AS8923",
"originas_02": "",
"originas_03": "",
"originas_04": "",
"originas_05": "",
"originas_06": "",
"originas_07": "",
"originas_08": "",
"originas_09": "",
"originas_10": "",
"other_01": "MCA-RIPE",
"other_02": "IR35210-RIPE",
"other_03": "OMD-RIPE",
"other_04": "ASSIGNED PA",
"other_05": "Orange Moldova Network Operation Center",
"other_06": "IR25454-RIPE",
"other_07": "",
"other_08": "",
"other_09": "",
"other_10": "",
"parent_01": "",
"parent_02": "",
"parent_03": "",
"person_01": "Ion Rusu",
"person_02": "Michael Casapciuc",
"person_03": "",
"phone_01": "+373-22-97-77-75",
"phone_02": "+373-22-855599",
"phone_03": "",
"postalcode_01": "",
"postalcode_02": "",
"ref_01": "",
"ref_02": "",
"ref_03": "",
"ref_04": "",
"ref_05": "",
"ref_06": "",
"ref_07": "",
"ref_08": "",
"ref_09": "",
"ref_10": "",
"regdate_01": "",
"regdate_02": "",
"remarks_01": "24 hours a day  7 days a week  365 days a year",
"remarks_02": "OMD NOC Contact addresses by category",
"remarks_03: routing": "noc@orange.md",
"remarks_04: domains/ipdelegation": "noc@orange.md",
"remarks_05: spam/uce": "abuse@mdl.net",
"remarks_06: scans/hackingattempts": "abuse@mdl.net",
"remarks_07": "",
"remarks_08": "",
"remarks_09": "",
"remarks_10": "",
"route_01": "212.56.195.0/24",
"route_02": "",
"rwhois_01": "",
"rwhois_02": "",
"rwhois_03": "",
"rwhois_04": "",
"rwhois_05": "",
"source": "RIPE",
"state_01": "",
"state_02": "",
"updated_01": "",
"updated_02": "",
"updated_03": "",
"updated_at": "",
"w_address_01": "OMD NOC",
"w_address_02": "Orange-Moldova SA",
"w_address_03": "Alba Iulia 75",
"w_address_04": "Chisinau  Moldova",
"w_address_05": "MD-2071",
"w_address_06": "Orange Moldova S.A.",
"w_address_07": "75  Alba Iulia str.",
"w_address_08": "Chisinau MD-2071",
"w_address_09": "Moldova",
"w_address_10": "Chisinau MD-2071  Moldova",
}
