{
"abuse_01": "abuse@as51430.net",
"abuse_02": "AB27925-RIPE",
"abuse_03": "",
"abuse_04": "",
"abuse_05": "",
"address": "213.5.64.0",
"changed_01": "",
"changed_02": "",
"changed_03": "",
"cidr_01": "",
"cidr_02": "",
"city_01": "",
"city_02": "",
"comments_01": "",
"comments_02": "",
"comments_03": "",
"comments_04": "",
"comments_05": "",
"comments_06": "",
"comments_07": "",
"comments_08": "",
"comments_09": "",
"comments_10": "",
"country_01": "NL",
"country_02": "",
"created_at: 2015-07-07 20:22": "06 UTC",
"descr_01": "AltusHost B.V.",
"descr_02": "ALTUSHOST B.V.",
"descr_03": "",
"descr_04": "",
"descr_05": "",
"descr_06": "",
"descr_07": "",
"descr_08": "",
"descr_09": "",
"descr_10": "",
"email_01": "abuse@as51430.net",
"email_02": "",
"email_03": "",
"email_04": "",
"email_05": "",
"email_06": "",
"email_07": "",
"email_08": "",
"email_09": "",
"email_10": "",
"fax_01": "+31208084445",
"fax_02": "+31 20 808 44 45",
"fax_03": "",
"hostmax_01": "213.5.71.254",
"hostmax_02": "",
"hostmax_03": "",
"hostmax_04": "",
"hostmax_05": "",
"hostmax_06": "",
"hostmax_07": "",
"hostmax_08": "",
"hostmax_09": "",
"hostmax_10": "",
"hostmin_01": "213.5.64.1",
"hostmin_02": "",
"hostmin_03": "",
"hostmin_04": "",
"hostmin_05": "",
"hostmin_06": "",
"hostmin_07": "",
"hostmin_08": "",
"hostmin_09": "",
"hostmin_10": "",
"inetnum_01": "213.5.64.0/21",
"inetnum_02": "",
"inetnum_03": "",
"inetnum_04": "",
"inetnum_05": "",
"inetnum_06": "",
"inetnum_07": "",
"inetnum_08": "",
"inetnum_09": "",
"inetnum_10": "",
"info": "",
"mnt_01": "RIPE-NCC-END-MNT",
"mnt_02": "ALTUSHOST-MNT",
"mnt_03": "RIPE-NCC-HM-MNT",
"mnt_04": "ALTUS-MNT",
"mnt_05": "",
"mnt_06": "",
"name": "",
"netcount_01": "2046",
"netcount_02": "",
"netcount_03": "",
"netcount_04": "",
"netcount_05": "",
"netcount_06": "",
"netcount_07": "",
"netcount_08": "",
"netcount_09": "",
"netcount_10": "",
"netmask_01": "255.255.248.0",
"netmask_02": "",
"netmask_03": "",
"netmask_04": "",
"netmask_05": "",
"netmask_06": "",
"netmask_07": "",
"netmask_08": "",
"netmask_09": "",
"netmask_10": "",
"netname_01": "ALTUSHOST",
"netname_02": "",
"nichdl_01": "AHN-RIPE",
"nichdl_02": "",
"nichdl_03": "",
"nichdl_04": "",
"nichdl_05": "",
"notes": "",
"nserver_01": "",
"nserver_02": "",
"nserver_03": "",
"nslastaa_01": "",
"nslastaa_02": "",
"organization_01": "",
"organization_02": "",
"organization_03": "",
"organization_04": "",
"organization_05": "",
"orgname_01": "AltusHost B.V.",
"orgname_02": "",
"orgname_03": "",
"orgname_04": "",
"orgname_05": "",
"originas_01": "AS51430",
"originas_02": "",
"originas_03": "",
"originas_04": "",
"originas_05": "",
"originas_06": "",
"originas_07": "",
"originas_08": "",
"originas_09": "",
"originas_10": "",
"other_01": "ORG-AI49-RIPE",
"other_02": "AHN-RIPE",
"other_03": "ASSIGNED PI",
"other_04": "LIR",
"other_05": "DF5486-RIPE",
"other_06": "NT1142-RIPE",
"other_07": "AltusHost - Contact Role",
"other_08": "SS22957-RIPE",
"other_09": "",
"other_10": "",
"parent_01": "",
"parent_02": "",
"parent_03": "",
"person_01": "",
"person_02": "",
"person_03": "",
"phone_01": "+31208084444",
"phone_02": "+31 20 808 44 44",
"phone_03": "",
"postalcode_01": "",
"postalcode_02": "",
"ref_01": "RIPE-NCC-HM-MNT",
"ref_02": "ALTUSHOST-MNT",
"ref_03": "",
"ref_04": "",
"ref_05": "",
"ref_06": "",
"ref_07": "",
"ref_08": "",
"ref_09": "",
"ref_10": "",
"regdate_01": "",
"regdate_02": "",
"remarks_01": "Dedicated and VPS",
"remarks_02": "* For spam/abuse/security issues please contact abuse@as51430.net",
"remarks_03": "",
"remarks_04": "",
"remarks_05": "",
"remarks_06": "",
"remarks_07": "",
"remarks_08": "",
"remarks_09": "",
"remarks_10": "",
"route_01": "213.5.64.0/21",
"route_02": "",
"rwhois_01": "",
"rwhois_02": "",
"rwhois_03": "",
"rwhois_04": "",
"rwhois_05": "",
"source": "RIPE",
"state_01": "",
"state_02": "",
"updated_01": "",
"updated_02": "",
"updated_03": "",
"updated_at": "",
"w_address_01": "AltusHost B.V.",
"w_address_02": "Daniel Felsenthal",
"w_address_03": "Beechavenue 129",
"w_address_04": "1119 RB",
"w_address_05": "Schiphol-Rijk",
"w_address_06": "NETHERLANDS",
"w_address_07": "ALTUSHOST B.V.",
"w_address_08": "1119 RB Schiphol-Rijk",
"w_address_09": "The Netherlands",
"w_address_10": "",
}
