{
"abuse_01": "abuse@inetia.pl",
"abuse_02": "",
"abuse_03": "",
"abuse_04": "",
"abuse_05": "",
"address": "5.226.86.80",
"changed_01": "",
"changed_02": "",
"changed_03": "",
"cidr_01": "",
"cidr_02": "",
"city_01": "",
"city_02": "",
"comments_01": "",
"comments_02": "",
"comments_03": "",
"comments_04": "",
"comments_05": "",
"comments_06": "",
"comments_07": "",
"comments_08": "",
"comments_09": "",
"comments_10": "",
"country_01": "PL",
"country_02": "",
"created_at: 2015-07-07 20:22": "06 UTC",
"descr_01": "EVERSOFT Sp. z o.o.",
"descr_02": "ul. Altowa 28",
"descr_03": "Warszawa",
"descr_04": "NETIA",
"descr_05": "Netia SA",
"descr_06": "Poleczki 13",
"descr_07": "02-822 Warszawa",
"descr_08": "Poland",
"descr_09": "",
"descr_10": "",
"email_01": "abuse@inetia.pl",
"email_02": "",
"email_03": "",
"email_04": "",
"email_05": "",
"email_06": "",
"email_07": "",
"email_08": "",
"email_09": "",
"email_10": "",
"fax_01": "+48( 22 )352 2213",
"fax_02": "",
"fax_03": "",
"hostmax_01": "5.226.86.86",
"hostmax_02": "5.226.127.254",
"hostmax_03": "",
"hostmax_04": "",
"hostmax_05": "",
"hostmax_06": "",
"hostmax_07": "",
"hostmax_08": "",
"hostmax_09": "",
"hostmax_10": "",
"hostmin_01": "5.226.86.81",
"hostmin_02": "5.226.64.1",
"hostmin_03": "",
"hostmin_04": "",
"hostmin_05": "",
"hostmin_06": "",
"hostmin_07": "",
"hostmin_08": "",
"hostmin_09": "",
"hostmin_10": "",
"inetnum_01": "5.226.86.80/29",
"inetnum_02": "5.226.64.0/18",
"inetnum_03": "",
"inetnum_04": "",
"inetnum_05": "",
"inetnum_06": "",
"inetnum_07": "",
"inetnum_08": "",
"inetnum_09": "",
"inetnum_10": "",
"info": "",
"mnt_01": "NETIA-MNT",
"mnt_02": "AS12741-MNT",
"mnt_03": "",
"mnt_04": "",
"mnt_05": "",
"mnt_06": "",
"name": "",
"netcount_01": "6",
"netcount_02": "16382",
"netcount_03": "",
"netcount_04": "",
"netcount_05": "",
"netcount_06": "",
"netcount_07": "",
"netcount_08": "",
"netcount_09": "",
"netcount_10": "",
"netmask_01": "255.255.255.248",
"netmask_02": "255.255.192.0",
"netmask_03": "",
"netmask_04": "",
"netmask_05": "",
"netmask_06": "",
"netmask_07": "",
"netmask_08": "",
"netmask_09": "",
"netmask_10": "",
"netname_01": "EVERSOFT-Warszawa",
"netname_02": "",
"nichdl_01": "NT1264-RIPE",
"nichdl_02": "PR12281-RIPE",
"nichdl_03": "",
"nichdl_04": "",
"nichdl_05": "",
"notes": "",
"nserver_01": "",
"nserver_02": "",
"nserver_03": "",
"nslastaa_01": "",
"nslastaa_02": "",
"organization_01": "",
"organization_02": "",
"organization_03": "",
"organization_04": "",
"organization_05": "",
"orgname_01": "",
"orgname_02": "",
"orgname_03": "",
"orgname_04": "",
"orgname_05": "",
"originas_01": "AS12741",
"originas_02": "",
"originas_03": "",
"originas_04": "",
"originas_05": "",
"originas_06": "",
"originas_07": "",
"originas_08": "",
"originas_09": "",
"originas_10": "",
"other_01": "PR12281-RIPE",
"other_02": "NT1264-RIPE",
"other_03": "ASSIGNED PA",
"other_04": "Netia Telekom S.A. Contact Role",
"other_05": "MO3780-RIPE",
"other_06": "KP2343-RIPE",
"other_07": "AK3224-RIPE",
"other_08": "RPOZ-RIPE",
"other_09": "",
"other_10": "",
"parent_01": "",
"parent_02": "",
"parent_03": "",
"person_01": "Pomylka Radoslaw",
"person_02": "",
"person_03": "",
"phone_01": "+48( 22 )352 0000",
"phone_02": "+48( 22 )352 2233",
"phone_03": "+48 505 272835",
"postalcode_01": "",
"postalcode_02": "",
"ref_01": "",
"ref_02": "",
"ref_03": "",
"ref_04": "",
"ref_05": "",
"ref_06": "",
"ref_07": "",
"ref_08": "",
"ref_09": "",
"ref_10": "",
"regdate_01": "",
"regdate_02": "",
"remarks_01": "In case of abuse from our address range",
"remarks_02": "please contact     abuse@inetia.pl",
"remarks_03": "",
"remarks_04": "",
"remarks_05": "",
"remarks_06": "",
"remarks_07": "",
"remarks_08": "",
"remarks_09": "",
"remarks_10": "",
"route_01": "5.226.64.0/18",
"route_02": "",
"rwhois_01": "",
"rwhois_02": "",
"rwhois_03": "",
"rwhois_04": "",
"rwhois_05": "",
"source": "RIPE",
"state_01": "",
"state_02": "",
"updated_01": "",
"updated_02": "",
"updated_03": "",
"updated_at": "",
"w_address_01": "Poleczki 13",
"w_address_02": "02-822 Warszawa",
"w_address_03": "Poland",
"w_address_04": "ul. Altowa 28",
"w_address_05": "Warszawa 02-386",
"w_address_06": "",
"w_address_07": "",
"w_address_08": "",
"w_address_09": "",
"w_address_10": "",
}
