{
"abuse_01": "abuse@peterhost.ru",
"abuse_02": "abuse@gpt.ru",
"abuse_03": "",
"abuse_04": "",
"abuse_05": "",
"address": "77.222.32.0",
"changed_01": "",
"changed_02": "",
"changed_03": "",
"cidr_01": "",
"cidr_02": "",
"city_01": "",
"city_02": "",
"comments_01": "",
"comments_02": "",
"comments_03": "",
"comments_04": "",
"comments_05": "",
"comments_06": "",
"comments_07": "",
"comments_08": "",
"comments_09": "",
"comments_10": "",
"country_01": "RU",
"country_02": "",
"created_at: 2015-07-07 20:22": "06 UTC",
"descr_01": "PeterHost.Ru Hosting Provider",
"descr_02": "PeterHost.Ru Moscow DC 2",
"descr_03": "",
"descr_04": "",
"descr_05": "",
"descr_06": "",
"descr_07": "",
"descr_08": "",
"descr_09": "",
"descr_10": "",
"email_01": "abuse@gpt.ru",
"email_02": "abuse@peterhost.ru",
"email_03": "",
"email_04": "",
"email_05": "",
"email_06": "",
"email_07": "",
"email_08": "",
"email_09": "",
"email_10": "",
"fax_01": "+78123477743",
"fax_02": "+7 495 9308800",
"fax_03": "",
"hostmax_01": "77.222.35.254",
"hostmax_02": "",
"hostmax_03": "",
"hostmax_04": "",
"hostmax_05": "",
"hostmax_06": "",
"hostmax_07": "",
"hostmax_08": "",
"hostmax_09": "",
"hostmax_10": "",
"hostmin_01": "77.222.32.1",
"hostmin_02": "",
"hostmin_03": "",
"hostmin_04": "",
"hostmin_05": "",
"hostmin_06": "",
"hostmin_07": "",
"hostmin_08": "",
"hostmin_09": "",
"hostmin_10": "",
"inetnum_01": "77.222.32.0/22",
"inetnum_02": "",
"inetnum_03": "",
"inetnum_04": "",
"inetnum_05": "",
"inetnum_06": "",
"inetnum_07": "",
"inetnum_08": "",
"inetnum_09": "",
"inetnum_10": "",
"info": "",
"mnt_01": "AS5537-MNT",
"mnt_02": "PETERHOST-MNT",
"mnt_03": "",
"mnt_04": "",
"mnt_05": "",
"mnt_06": "",
"name": "",
"netcount_01": "1022",
"netcount_02": "",
"netcount_03": "",
"netcount_04": "",
"netcount_05": "",
"netcount_06": "",
"netcount_07": "",
"netcount_08": "",
"netcount_09": "",
"netcount_10": "",
"netmask_01": "255.255.252.0",
"netmask_02": "",
"netmask_03": "",
"netmask_04": "",
"netmask_05": "",
"netmask_06": "",
"netmask_07": "",
"netmask_08": "",
"netmask_09": "",
"netmask_10": "",
"netname_01": "PETERHOST-MOSCOW-DC2",
"netname_02": "",
"nichdl_01": "GPT-RIPE",
"nichdl_02": "",
"nichdl_03": "",
"nichdl_04": "",
"nichdl_05": "",
"notes": "",
"nserver_01": "",
"nserver_02": "",
"nserver_03": "",
"nslastaa_01": "",
"nslastaa_02": "",
"organization_01": "",
"organization_02": "",
"organization_03": "",
"organization_04": "",
"organization_05": "",
"orgname_01": "Concorde Ltd.",
"orgname_02": "",
"orgname_03": "",
"orgname_04": "",
"orgname_05": "",
"originas_01": "AS42751",
"originas_02": "",
"originas_03": "",
"originas_04": "",
"originas_05": "",
"originas_06": "",
"originas_07": "",
"originas_08": "",
"originas_09": "",
"originas_10": "",
"other_01": "ORG-CL37-RIPE",
"other_02": "GPT-RIPE",
"other_03": "ASSIGNED PA",
"other_04": "OTHER",
"other_05": "GPT NOC",
"other_06": "PBV-RIPE",
"other_07": "NIKS-RIPE",
"other_08": "SMS-RIPE",
"other_09": "",
"other_10": "",
"parent_01": "",
"parent_02": "",
"parent_03": "",
"person_01": "",
"person_02": "",
"person_03": "",
"phone_01": "+78123477743",
"phone_02": "+7 495 7833783",
"phone_03": "",
"postalcode_01": "",
"postalcode_02": "",
"ref_01": "PETERHOST-MNT",
"ref_02": "",
"ref_03": "",
"ref_04": "",
"ref_05": "",
"ref_06": "",
"ref_07": "",
"ref_08": "",
"ref_09": "",
"ref_10": "",
"regdate_01": "",
"regdate_02": "",
"remarks_01": "----------- staff ------------------------",
"remarks_02": "Garant-Park-Telecom ( GPT ) NOC based on",
"remarks_03": "technical basis of GPT.ru ISP and",
"remarks_04": "operates in aims of Hosting Community companies",
"remarks_05": "GPT ( gpt.ru )  Hosting Center ( hc.ru )",
"remarks_06": "SpaceWeb ( sweb.ru )  PeterHost ( peterhost.ru ) ",
"remarks_07": "R01 ( r01.ru ) and CentroHost ( centrohost.ru ).",
"remarks_08": "--------- A T T E N T I O N !!! ---------",
"remarks_09": "Please use abuse@gpt.ru e-mail address",
"remarks_10": "for spam and abuse complaints.",
"route_01": "77.222.32.0/22",
"route_02": "",
"rwhois_01": "",
"rwhois_02": "",
"rwhois_03": "",
"rwhois_04": "",
"rwhois_05": "",
"source": "RIPE",
"state_01": "",
"state_02": "",
"updated_01": "",
"updated_02": "",
"updated_03": "",
"updated_at": "",
"w_address_01": "Russian Federation",
"w_address_02": "196084  Saint-Petersburg",
"w_address_03": "Tsvetochnaya ul.  18  of.137",
"w_address_04": "Garant-Park-Telecom Consolidated",
"w_address_05": "Vorobjevy Gory ( Lenin s Hills )  estate 75b  office 919",
"w_address_06": "119992 Moscow Russia",
"w_address_07": "",
"w_address_08": "",
"w_address_09": "",
"w_address_10": "",
}
