{
"abuse_01": "SRAC-RIPE",
"abuse_02": "abuse@strato.de",
"abuse_03": "abuse-server@strato.de",
"abuse_04": "",
"abuse_05": "",
"address": "81.169.128.0",
"changed_01": "",
"changed_02": "",
"changed_03": "",
"cidr_01": "",
"cidr_02": "",
"city_01": "",
"city_02": "",
"comments_01": "",
"comments_02": "",
"comments_03": "",
"comments_04": "",
"comments_05": "",
"comments_06": "",
"comments_07": "",
"comments_08": "",
"comments_09": "",
"comments_10": "",
"country_01": "DE",
"country_02": "",
"created_at: 2015-07-07 20:22": "06 UTC",
"descr_01": "Strato Rechenzentrum  Berlin",
"descr_02": "STRATO AG",
"descr_03": "prefix only advertised in case of DDoS",
"descr_04": "",
"descr_05": "",
"descr_06": "",
"descr_07": "",
"descr_08": "",
"descr_09": "",
"descr_10": "",
"email_01": "abuse@strato.de",
"email_02": "abuse-server@strato.de",
"email_03": "",
"email_04": "",
"email_05": "",
"email_06": "",
"email_07": "",
"email_08": "",
"email_09": "",
"email_10": "",
"fax_01": "+493039802222",
"fax_02": "",
"fax_03": "",
"hostmax_01": "81.169.143.254",
"hostmax_02": "81.169.128.254",
"hostmax_03": "",
"hostmax_04": "",
"hostmax_05": "",
"hostmax_06": "",
"hostmax_07": "",
"hostmax_08": "",
"hostmax_09": "",
"hostmax_10": "",
"hostmin_01": "81.169.128.1",
"hostmin_02": "81.169.128.1",
"hostmin_03": "",
"hostmin_04": "",
"hostmin_05": "",
"hostmin_06": "",
"hostmin_07": "",
"hostmin_08": "",
"hostmin_09": "",
"hostmin_10": "",
"inetnum_01": "81.169.128.0/20",
"inetnum_02": "81.169.128.0/24",
"inetnum_03": "",
"inetnum_04": "",
"inetnum_05": "",
"inetnum_06": "",
"inetnum_07": "",
"inetnum_08": "",
"inetnum_09": "",
"inetnum_10": "",
"info": "",
"mnt_01": "STRATO-RZG-MNT",
"mnt_02": "RIPE-NCC-HM-MNT",
"mnt_03": "",
"mnt_04": "",
"mnt_05": "",
"mnt_06": "",
"name": "",
"netcount_01": "4094",
"netcount_02": "254",
"netcount_03": "",
"netcount_04": "",
"netcount_05": "",
"netcount_06": "",
"netcount_07": "",
"netcount_08": "",
"netcount_09": "",
"netcount_10": "",
"netmask_01": "255.255.240.0",
"netmask_02": "255.255.255.0",
"netmask_03": "",
"netmask_04": "",
"netmask_05": "",
"netmask_06": "",
"netmask_07": "",
"netmask_08": "",
"netmask_09": "",
"netmask_10": "",
"netname_01": "STRATO-RZG-DED",
"netname_02": "",
"nichdl_01": "SRDS-RIPE",
"nichdl_02": "",
"nichdl_03": "",
"nichdl_04": "",
"nichdl_05": "",
"notes": "",
"nserver_01": "",
"nserver_02": "",
"nserver_03": "",
"nslastaa_01": "",
"nslastaa_02": "",
"organization_01": "",
"organization_02": "",
"organization_03": "",
"organization_04": "",
"organization_05": "",
"orgname_01": "Strato AG",
"orgname_02": "",
"orgname_03": "",
"orgname_04": "",
"orgname_05": "",
"originas_01": "AS6724",
"originas_02": "",
"originas_03": "",
"originas_04": "",
"originas_05": "",
"originas_06": "",
"originas_07": "",
"originas_08": "",
"originas_09": "",
"originas_10": "",
"other_01": "ORG-SRA1-RIPE",
"other_02": "SRDS-RIPE",
"other_03": "ASSIGNED PA",
"other_04": "LIR",
"other_05": "CHSE-RIPE",
"other_06": "CM265-RIPE",
"other_07": "RIPE contact Dedicated Server",
"other_08": "XX1-RIPE",
"other_09": "",
"other_10": "",
"parent_01": "",
"parent_02": "",
"parent_03": "",
"person_01": "",
"person_02": "",
"person_03": "",
"phone_01": "+4930398020",
"phone_02": "+49 30 39802-0",
"phone_03": "",
"postalcode_01": "",
"postalcode_02": "",
"ref_01": "STRATO-RZG-MNT",
"ref_02": "RIPE-NCC-HM-MNT",
"ref_03": "",
"ref_04": "",
"ref_05": "",
"ref_06": "",
"ref_07": "",
"ref_08": "",
"ref_09": "",
"ref_10": "",
"regdate_01": "",
"regdate_02": "",
"remarks_01": "* Please send abuse complaints to abuse-server@strato.de   *",
"remarks_02": "* or fax +49-30-88615-755 ONLY.                            *",
"remarks_03": "* Abuse reports to other e-mail addresses will be ignored. *",
"remarks_04": "* For peering requests or operational issues please look   *",
"remarks_05": "*@the information in the AS6724 RIPE database object.   *",
"remarks_06": "",
"remarks_07": "",
"remarks_08": "",
"remarks_09": "",
"remarks_10": "",
"route_01": "81.169.128.0/24",
"route_02": "",
"rwhois_01": "",
"rwhois_02": "",
"rwhois_03": "",
"rwhois_04": "",
"rwhois_05": "",
"source": "RIPE",
"state_01": "",
"state_02": "",
"updated_01": "",
"updated_02": "",
"updated_03": "",
"updated_at": "",
"w_address_01": "Strato AG",
"w_address_02": "Christian Mueller",
"w_address_03": "Pascalstrasse 10",
"w_address_04": "10587",
"w_address_05": "Berlin",
"w_address_06": "GERMANY",
"w_address_07": "STRATO AG",
"w_address_08": "Pascalstr. 10",
"w_address_09": "D-10587 Berlin",
"w_address_10": "Germany",
}
