{
"abuse_01": "abuse@orange-business.com",
"abuse_02": "AA2914-RIPE",
"abuse_03": "",
"abuse_04": "",
"abuse_05": "",
"address": "90.85.3.112",
"changed_01": "",
"changed_02": "",
"changed_03": "",
"cidr_01": "",
"cidr_02": "",
"city_01": "",
"city_02": "",
"comments_01": "",
"comments_02": "",
"comments_03": "",
"comments_04": "",
"comments_05": "",
"comments_06": "",
"comments_07": "",
"comments_08": "",
"comments_09": "",
"comments_10": "",
"country_01": "FR",
"country_02": "",
"created_at: 2015-07-07 20:22": "06 UTC",
"descr_01": "OBS Customer",
"descr_02": "France Telecom SCE",
"descr_03": "FT-SCE",
"descr_04": "",
"descr_05": "",
"descr_06": "",
"descr_07": "",
"descr_08": "",
"descr_09": "",
"descr_10": "",
"email_01": "gestionip.ft@orange.com",
"email_02": "abuse@orange-business.com",
"email_03": "",
"email_04": "",
"email_05": "",
"email_06": "",
"email_07": "",
"email_08": "",
"email_09": "",
"email_10": "",
"fax_01": "",
"fax_02": "",
"fax_03": "",
"hostmax_01": "90.85.3.118",
"hostmax_02": "90.85.255.254",
"hostmax_03": "",
"hostmax_04": "",
"hostmax_05": "",
"hostmax_06": "",
"hostmax_07": "",
"hostmax_08": "",
"hostmax_09": "",
"hostmax_10": "",
"hostmin_01": "90.85.3.113",
"hostmin_02": "90.85.0.1",
"hostmin_03": "",
"hostmin_04": "",
"hostmin_05": "",
"hostmin_06": "",
"hostmin_07": "",
"hostmin_08": "",
"hostmin_09": "",
"hostmin_10": "",
"inetnum_01": "90.85.3.112/29",
"inetnum_02": "90.85.0.0/16",
"inetnum_03": "",
"inetnum_04": "",
"inetnum_05": "",
"inetnum_06": "",
"inetnum_07": "",
"inetnum_08": "",
"inetnum_09": "",
"inetnum_10": "",
"info": "",
"mnt_01": "PC80199-MNT",
"mnt_02": "RAIN-TRANSPAC",
"mnt_03": "",
"mnt_04": "",
"mnt_05": "",
"mnt_06": "",
"name": "",
"netcount_01": "6",
"netcount_02": "65534",
"netcount_03": "",
"netcount_04": "",
"netcount_05": "",
"netcount_06": "",
"netcount_07": "",
"netcount_08": "",
"netcount_09": "",
"netcount_10": "",
"netmask_01": "255.255.255.248",
"netmask_02": "255.255.0.0",
"netmask_03": "",
"netmask_04": "",
"netmask_05": "",
"netmask_06": "",
"netmask_07": "",
"netmask_08": "",
"netmask_09": "",
"netmask_10": "",
"netname_01": "FR-CIRQUE-A-L-ANCIENNE",
"netname_02": "",
"nichdl_01": "AF9520-RIPE",
"nichdl_02": "",
"nichdl_03": "",
"nichdl_04": "",
"nichdl_05": "",
"notes": "",
"nserver_01": "",
"nserver_02": "",
"nserver_03": "",
"nslastaa_01": "",
"nslastaa_02": "",
"organization_01": "",
"organization_02": "",
"organization_03": "",
"organization_04": "",
"organization_05": "",
"orgname_01": "Orange Business Services",
"orgname_02": "",
"orgname_03": "",
"orgname_04": "",
"orgname_05": "",
"originas_01": "AS3215",
"originas_02": "",
"originas_03": "",
"originas_04": "",
"originas_05": "",
"originas_06": "",
"originas_07": "",
"originas_08": "",
"originas_09": "",
"originas_10": "",
"other_01": "AF9520-RIPE",
"other_02": "ASSIGNED PA",
"other_03": "ORG-OBS3-RIPE",
"other_04": "Other",
"other_05": "AA2914-RIPE",
"other_06": "",
"other_07": "",
"other_08": "",
"other_09": "",
"other_10": "",
"parent_01": "",
"parent_02": "",
"parent_03": "",
"person_01": "Annick Fataccy",
"person_02": "",
"person_03": "",
"phone_01": "+33 155562348",
"phone_02": "",
"phone_03": "",
"postalcode_01": "",
"postalcode_02": "",
"ref_01": "OLEANE-NOC",
"ref_02": "FT-BRX",
"ref_03": "RAIN-TRANSPAC",
"ref_04": "RIPE-NCC-HM-MNT",
"ref_05": "",
"ref_06": "",
"ref_07": "",
"ref_08": "",
"ref_09": "",
"ref_10": "",
"regdate_01": "",
"regdate_02": "",
"remarks_01": "For Hacking  Spamming or Security problems",
"remarks_02": "send mail ONLY to   abuse@orange-business.com",
"remarks_03": "*   Pour les obligations legale      *",
"remarks_04": "* Contacter uniquement les poles OL  *",
"remarks_05": "*      de France Telecom/Orange      *",
"remarks_06": "*    For legal issus joint only      *",
"remarks_07": "*  France telecom/orange legal team  *",
"remarks_08": "",
"remarks_09": "",
"remarks_10": "",
"route_01": "90.85.0.0/16",
"route_02": "",
"rwhois_01": "",
"rwhois_02": "",
"rwhois_03": "",
"rwhois_04": "",
"rwhois_05": "",
"source": "RIPE",
"state_01": "",
"state_02": "",
"updated_01": "",
"updated_02": "",
"updated_03": "",
"updated_at": "",
"w_address_01": "France Telecom  AE DOF  33 rue Poncelet  CS 80011  75840 Paris CEdex 17  75840  Paris",
"w_address_02": "6 avenue Albert Durand",
"w_address_03": "31700 Blagnac  France",
"w_address_04": "",
"w_address_05": "",
"w_address_06": "",
"w_address_07": "",
"w_address_08": "",
"w_address_09": "",
"w_address_10": "",
}
