{
"abuse_01": "AR15642-RIPE",
"abuse_02": "",
"abuse_03": "",
"abuse_04": "",
"abuse_05": "",
"address": "94.101.187.160",
"changed_01": "",
"changed_02": "",
"changed_03": "",
"cidr_01": "",
"cidr_02": "",
"city_01": "",
"city_02": "",
"comments_01": "",
"comments_02": "",
"comments_03": "",
"comments_04": "",
"comments_05": "",
"comments_06": "",
"comments_07": "",
"comments_08": "",
"comments_09": "",
"comments_10": "",
"country_01": "IR",
"country_02": "",
"created_at: 2015-07-07 20:22": "06 UTC",
"descr_01": "Pardaz Gostar Ertebatat Berelian Limited Liability Company",
"descr_02": "Linkpardaz Route",
"descr_03": "",
"descr_04": "",
"descr_05": "",
"descr_06": "",
"descr_07": "",
"descr_08": "",
"descr_09": "",
"descr_10": "",
"email_01": "o.mohammad@linkpardaz.net",
"email_02": "",
"email_03": "",
"email_04": "",
"email_05": "",
"email_06": "",
"email_07": "",
"email_08": "",
"email_09": "",
"email_10": "",
"fax_01": "+982142988",
"fax_02": "",
"fax_03": "",
"hostmax_01": "94.101.191.254",
"hostmax_02": "94.101.187.254",
"hostmax_03": "",
"hostmax_04": "",
"hostmax_05": "",
"hostmax_06": "",
"hostmax_07": "",
"hostmax_08": "",
"hostmax_09": "",
"hostmax_10": "",
"hostmin_01": "94.101.176.1",
"hostmin_02": "94.101.187.1",
"hostmin_03": "",
"hostmin_04": "",
"hostmin_05": "",
"hostmin_06": "",
"hostmin_07": "",
"hostmin_08": "",
"hostmin_09": "",
"hostmin_10": "",
"inetnum_01": "94.101.176.0/20",
"inetnum_02": "94.101.187.0/24",
"inetnum_03": "",
"inetnum_04": "",
"inetnum_05": "",
"inetnum_06": "",
"inetnum_07": "",
"inetnum_08": "",
"inetnum_09": "",
"inetnum_10": "",
"info": "",
"mnt_01": "RIPE-NCC-HM-MNT",
"mnt_02": "MNT-LINKPARDAZ",
"mnt_03": "linkpardaz",
"mnt_04": "",
"mnt_05": "",
"mnt_06": "",
"name": "",
"netcount_01": "4094",
"netcount_02": "254",
"netcount_03": "",
"netcount_04": "",
"netcount_05": "",
"netcount_06": "",
"netcount_07": "",
"netcount_08": "",
"netcount_09": "",
"netcount_10": "",
"netmask_01": "255.255.240.0",
"netmask_02": "255.255.255.0",
"netmask_03": "",
"netmask_04": "",
"netmask_05": "",
"netmask_06": "",
"netmask_07": "",
"netmask_08": "",
"netmask_09": "",
"netmask_10": "",
"netname_01": "IR-LINKPARDAZ-20080821",
"netname_02": "",
"nichdl_01": "OM2224-RIPE",
"nichdl_02": "",
"nichdl_03": "",
"nichdl_04": "",
"nichdl_05": "",
"notes": "",
"nserver_01": "",
"nserver_02": "",
"nserver_03": "",
"nslastaa_01": "",
"nslastaa_02": "",
"organization_01": "",
"organization_02": "",
"organization_03": "",
"organization_04": "",
"organization_05": "",
"orgname_01": "Pardaz Gostar Ertebatat Berelian Limited Liability Company",
"orgname_02": "",
"orgname_03": "",
"orgname_04": "",
"orgname_05": "",
"originas_01": "AS47796",
"originas_02": "",
"originas_03": "",
"originas_04": "",
"originas_05": "",
"originas_06": "",
"originas_07": "",
"originas_08": "",
"originas_09": "",
"originas_10": "",
"other_01": "ORG-PGEB1-RIPE",
"other_02": "OM2224-RIPE",
"other_03": "ALLOCATED PA",
"other_04": "LIR",
"other_05": "",
"other_06": "",
"other_07": "",
"other_08": "",
"other_09": "",
"other_10": "",
"parent_01": "",
"parent_02": "",
"parent_03": "",
"person_01": "Omid Mohammadi",
"person_02": "",
"person_03": "",
"phone_01": "+982142988",
"phone_02": "+982188704185",
"phone_03": "+98 21 42988",
"postalcode_01": "",
"postalcode_02": "",
"ref_01": "MNT-LINKPARDAZ",
"ref_02": "RIPE-NCC-HM-MNT",
"ref_03": "",
"ref_04": "",
"ref_05": "",
"ref_06": "",
"ref_07": "",
"ref_08": "",
"ref_09": "",
"ref_10": "",
"regdate_01": "",
"regdate_02": "",
"remarks_01": "",
"remarks_02": "",
"remarks_03": "",
"remarks_04": "",
"remarks_05": "",
"remarks_06": "",
"remarks_07": "",
"remarks_08": "",
"remarks_09": "",
"remarks_10": "",
"route_01": "94.101.187.0/24",
"route_02": "",
"rwhois_01": "",
"rwhois_02": "",
"rwhois_03": "",
"rwhois_04": "",
"rwhois_05": "",
"source": "RIPE",
"state_01": "",
"state_02": "",
"updated_01": "",
"updated_02": "",
"updated_03": "",
"updated_at": "",
"w_address_01": "Pardaz Gostar Ertebatat Berelian Limited Liability Company",
"w_address_02": "Omid Mohammadi",
"w_address_03": "N0.23  Pesia Bldg.  13th of Seyed Jameld",
"w_address_04": "1433674331 Tehran",
"w_address_05": "IRAN  ISLAMIC REPUBLIC OF",
"w_address_06": "N0.23  Pesia Bldg.  13th of Seyed Jameld   Tehran   Iran",
"w_address_07": "",
"w_address_08": "",
"w_address_09": "",
"w_address_10": "",
}
