{
"abuse_01": "URETS-ARIN",
"abuse_02": "Uretsky  Ben ",
"abuse_03": "+1-646-397-8051 ",
"abuse_04": "abuse@digitalocean.com",
"abuse_05: http": "//whois.arin.net/rest/poc/URETS-ARIN",
"address": "104.131.0.0",
"changed_01": "",
"changed_02": "",
"changed_03": "",
"cidr_01": "104.131.0.0/16",
"cidr_02": "",
"city_01": "New York",
"city_02": "",
"comments_01: http": "//www.digitalocean.com",
"comments_02": "Simple Cloud Hosting",
"comments_03": "",
"comments_04": "",
"comments_05": "",
"comments_06": "",
"comments_07": "",
"comments_08": "",
"comments_09": "",
"comments_10": "",
"country_01": "US",
"country_02": "",
"created_at: 2015-07-07 20:22": "06 UTC",
"descr_01": "",
"descr_02": "",
"descr_03": "",
"descr_04": "",
"descr_05": "",
"descr_06": "",
"descr_07": "",
"descr_08": "",
"descr_09": "",
"descr_10": "",
"email_01": "noc@digitalocean.com",
"email_02": "bryan@digitalocean.com",
"email_03": "abuse@digitalocean.com",
"email_04": "",
"email_05": "",
"email_06": "",
"email_07": "",
"email_08": "",
"email_09": "",
"email_10": "",
"fax_01": "",
"fax_02": "",
"fax_03": "",
"hostmax_01": "104.131.255.254",
"hostmax_02": "",
"hostmax_03": "",
"hostmax_04": "",
"hostmax_05": "",
"hostmax_06": "",
"hostmax_07": "",
"hostmax_08": "",
"hostmax_09": "",
"hostmax_10": "",
"hostmin_01": "104.131.0.1",
"hostmin_02": "",
"hostmin_03": "",
"hostmin_04": "",
"hostmin_05": "",
"hostmin_06": "",
"hostmin_07": "",
"hostmin_08": "",
"hostmin_09": "",
"hostmin_10": "",
"inetnum_01": "104.131.0.0/16",
"inetnum_02": "",
"inetnum_03": "",
"inetnum_04": "",
"inetnum_05": "",
"inetnum_06": "",
"inetnum_07": "",
"inetnum_08": "",
"inetnum_09": "",
"inetnum_10": "",
"info": "",
"mnt_01": "",
"mnt_02": "",
"mnt_03": "",
"mnt_04": "",
"mnt_05": "",
"mnt_06": "",
"name": "",
"netcount_01": "65534",
"netcount_02": "",
"netcount_03": "",
"netcount_04": "",
"netcount_05": "",
"netcount_06": "",
"netcount_07": "",
"netcount_08": "",
"netcount_09": "",
"netcount_10": "",
"netmask_01": "255.255.0.0",
"netmask_02": "",
"netmask_03": "",
"netmask_04": "",
"netmask_05": "",
"netmask_06": "",
"netmask_07": "",
"netmask_08": "",
"netmask_09": "",
"netmask_10": "",
"netname_01": "DIGITALOCEAN-9",
"netname_02": "",
"nichdl_01": "NET-104-131-0-0-1",
"nichdl_02": "NOC32014-ARIN",
"nichdl_03": "SOCHA-ARIN",
"nichdl_04": "URETS-ARIN",
"nichdl_05": "",
"notes": "",
"nserver_01": "",
"nserver_02": "",
"nserver_03": "",
"nslastaa_01": "",
"nslastaa_02": "",
"organization_01": "Digital Ocean  Inc. ( DO-13 )",
"organization_02": "",
"organization_03": "",
"organization_04": "",
"organization_05": "",
"orgname_01": "Digital Ocean  Inc.",
"orgname_02": "Socha  Bryan ",
"orgname_03": "Uretsky  Ben ",
"orgname_04": "",
"orgname_05": "",
"originas_01": "AS393406  AS14061  AS62567  AS46652",
"originas_02": "",
"originas_03": "",
"originas_04": "",
"originas_05": "",
"originas_06": "",
"originas_07": "",
"originas_08": "",
"originas_09": "",
"originas_10": "",
"other_01": "Direct Allocation",
"other_02": "2014-06-02",
"other_03": "DO-13",
"other_04": "2014-10-23",
"other_05": "",
"other_06": "",
"other_07": "",
"other_08": "",
"other_09": "",
"other_10": "",
"parent_01": "NET104 ( NET-104-0-0-0-0 )",
"parent_02": "",
"parent_03": "",
"person_01": "",
"person_02": "",
"person_03": "",
"phone_01": "+1-347-875-6044 ",
"phone_02": "+1-646-397-8051 ",
"phone_03": "",
"postalcode_01": "10013",
"postalcode_02": "",
"ref_01: http": "//whois.arin.net/rest/net/NET-104-131-0-0-1",
"ref_02: http": "//whois.arin.net/rest/org/DO-13",
"ref_03: http": "//whois.arin.net/rest/poc/NOC32014-ARIN",
"ref_04: http": "//whois.arin.net/rest/poc/SOCHA-ARIN",
"ref_05: http": "//whois.arin.net/rest/poc/URETS-ARIN",
"ref_06": "",
"ref_07": "",
"ref_08": "",
"ref_09": "",
"ref_10": "",
"regdate_01": "2014-06-02",
"regdate_02": "2012-05-14",
"remarks_01": "",
"remarks_02": "",
"remarks_03": "",
"remarks_04": "",
"remarks_05": "",
"remarks_06": "",
"remarks_07": "",
"remarks_08": "",
"remarks_09": "",
"remarks_10": "",
"route_01": "",
"route_02": "",
"rwhois_01": "",
"rwhois_02": "",
"rwhois_03": "",
"rwhois_04": "",
"rwhois_05": "",
"source": "ARIN",
"state_01": "NY",
"state_02": "",
"updated_01": "",
"updated_02": "",
"updated_03": "",
"updated_at": "",
"w_address_01": "101 Ave of the Americas",
"w_address_02": "10th Floor",
"w_address_03": "",
"w_address_04": "",
"w_address_05": "",
"w_address_06": "",
"w_address_07": "",
"w_address_08": "",
"w_address_09": "",
"w_address_10": "",
}
