{
"abuse_01": "ABUSE1601-ARIN",
"abuse_02": "+1-480-212-1710 ",
"abuse_03": "abuse@nobistech.net",
"abuse_04: http": "//whois.arin.net/rest/poc/ABUSE1601-ARIN",
"abuse_05": "AIA12-ARIN",
"address": "108.62.64.0",
"changed_01": "",
"changed_02": "",
"changed_03": "",
"cidr_01": "108.62.0.0/16",
"cidr_02": "108.62.64.0/21",
"city_01": "Phoenix",
"city_02": "Chicago",
"comments_01": "Nobis Technology Group  LLC",
"comments_02: http": "//www.nobistech.net",
"comments_03": "For inquiries and complaints",
"comments_04": "about any Nobis IP address",
"comments_05": "space please contact our NOC",
"comments_06": "via e-mail@admin@nobistech.net",
"comments_07": "For all inquiries relating",
"comments_08": "to network abuse  network",
"comments_09": "security  DMCA  trademark ",
"comments_10": "legal compliance  and law ",
"country_01": "US",
"country_02": "",
"created_at: 2015-07-07 20:22": "06 UTC",
"descr_01": "",
"descr_02": "",
"descr_03": "",
"descr_04": "",
"descr_05": "",
"descr_06": "",
"descr_07": "",
"descr_08": "",
"descr_09": "",
"descr_10": "",
"email_01": "admin@nobistech.net",
"email_02": "abuse@nobistech.net",
"email_03": "arin@nobistech.net",
"email_04": "",
"email_05": "",
"email_06": "",
"email_07": "",
"email_08": "",
"email_09": "",
"email_10": "",
"fax_01": "",
"fax_02": "",
"fax_03": "",
"hostmax_01": "108.62.255.254",
"hostmax_02": "108.62.71.254",
"hostmax_03": "108.62.64.254",
"hostmax_04": "",
"hostmax_05": "",
"hostmax_06": "",
"hostmax_07": "",
"hostmax_08": "",
"hostmax_09": "",
"hostmax_10": "",
"hostmin_01": "108.62.0.1",
"hostmin_02": "108.62.64.1",
"hostmin_03": "108.62.64.1",
"hostmin_04": "",
"hostmin_05": "",
"hostmin_06": "",
"hostmin_07": "",
"hostmin_08": "",
"hostmin_09": "",
"hostmin_10": "",
"inetnum_01": "108.62.0.0/16",
"inetnum_02": "108.62.64.0/21",
"inetnum_03": "108.62.64.0/24",
"inetnum_04": "",
"inetnum_05": "",
"inetnum_06": "",
"inetnum_07": "",
"inetnum_08": "",
"inetnum_09": "",
"inetnum_10": "",
"info": "",
"mnt_01": "",
"mnt_02": "",
"mnt_03": "",
"mnt_04": "",
"mnt_05": "",
"mnt_06": "",
"name": "",
"netcount_01": "65534",
"netcount_02": "2046",
"netcount_03": "254",
"netcount_04": "",
"netcount_05": "",
"netcount_06": "",
"netcount_07": "",
"netcount_08": "",
"netcount_09": "",
"netcount_10": "",
"netmask_01": "255.255.0.0",
"netmask_02": "255.255.248.0",
"netmask_03": "255.255.255.0",
"netmask_04": "",
"netmask_05": "",
"netmask_06": "",
"netmask_07": "",
"netmask_08": "",
"netmask_09": "",
"netmask_10": "",
"netname_01": "NETBLK-NOBIS-TECHNOLOGY-GROUP-09",
"netname_02": "NETBLK-UBIQUITY-CHICAGO-108-62-64-0",
"nichdl_01": "NET-108-62-0-0-1",
"nichdl_02": "AIA12-ARIN",
"nichdl_03": "NOC2466-ARIN",
"nichdl_04": "NET-108-62-64-0-1",
"nichdl_05": "",
"notes": "",
"nserver_01": "",
"nserver_02": "",
"nserver_03": "",
"nslastaa_01": "",
"nslastaa_02": "",
"organization_01": "Nobis Technology Group  LLC ( NTGL )",
"organization_02": "Ubiquity Server Solutions Chicago ( NTGL-1 )",
"organization_03": "",
"organization_04": "",
"organization_05": "",
"orgname_01": "Nobis Technology Group  LLC",
"orgname_02": "ARIN IP Admin",
"orgname_03": "NOC",
"orgname_04": "Ubiquity Server Solutions Chicago",
"orgname_05": "McNally  Eddie",
"originas_01": "AS15003",
"originas_02": "AS15003",
"originas_03": "",
"originas_04": "",
"originas_05": "",
"originas_06": "",
"originas_07": "",
"originas_08": "",
"originas_09": "",
"originas_10": "",
"other_01": "Direct Allocation",
"other_02": "2012-03-02",
"other_03": "NTGL",
"other_04": "2014-11-03",
"other_05": "NOC",
"other_06": "ARIN IP Admin",
"other_07": "2011-02-21",
"other_08": "NTGL-1",
"other_09": "2011-01-10",
"other_10": "108.62.64.0/21",
"parent_01": "NET108 ( NET-108-0-0-0-0 )",
"parent_02": "NETBLK-NOBIS-TECHNOLOGY-GROUP-09 ( NET-108-62-0-0-1 )",
"parent_03": "",
"person_01": "",
"person_02": "",
"person_03": "",
"phone_01": "+1-480-212-1710 ",
"phone_02": "admin@nobistech.net",
"phone_03": "abuse@nobistech.net",
"postalcode_01": "85054",
"postalcode_02": "60616",
"ref_01: http": "//whois.arin.net/rest/net/NET-108-62-0-0-1",
"ref_02: http": "//whois.arin.net/rest/org/NTGL",
"ref_03: http": "//whois.arin.net/rest/poc/AIA12-ARIN",
"ref_04: http": "//whois.arin.net/rest/poc/NOC2466-ARIN",
"ref_05: http": "//whois.arin.net/rest/net/NET-108-62-64-0-1",
"ref_06: http": "//whois.arin.net/rest/org/NTGL-1",
"ref_07": "",
"ref_08": "",
"ref_09": "",
"ref_10": "",
"regdate_01": "2010-12-13",
"regdate_02": "2007-01-30",
"remarks_01": "",
"remarks_02": "",
"remarks_03": "",
"remarks_04": "",
"remarks_05": "",
"remarks_06": "",
"remarks_07": "",
"remarks_08": "",
"remarks_09": "",
"remarks_10": "",
"route_01": "",
"route_02": "",
"rwhois_01: rwhois.nobistech.net": "4321",
"rwhois_02: rwhois.nobistech.net": "4321.",
"rwhois_03": "rwhois.nobistech.net ( Ubersmith RWhois Server V-2.3.0 )",
"rwhois_04": "",
"rwhois_05": "",
"source": "ARIN",
"state_01": "AZ",
"state_02": "IL",
"updated_01": "",
"updated_02": "",
"updated_03": "",
"updated_at": "",
"w_address_01": "5350 East High Street",
"w_address_02": "Suite 300",
"w_address_03": "350 East Cermak Road",
"w_address_04": "301 Harrison Ave.",
"w_address_05": "",
"w_address_06": "",
"w_address_07": "",
"w_address_08": "",
"w_address_09": "",
"w_address_10": "",
}
