{
"abuse_01": "ABUSE1601-ARIN",
"abuse_02": "+1-480-212-1710 ",
"abuse_03": "abuse@nobistech.net",
"abuse_04: http": "//whois.arin.net/rest/poc/ABUSE1601-ARIN",
"abuse_05": "Chu Yanheng",
"address": "108.177.128.0",
"changed_01": "",
"changed_02": "",
"changed_03": "",
"cidr_01": "108.177.128.0/17",
"cidr_02": "",
"city_01": "Phoenix",
"city_02": "hangzhou",
"comments_01": "Nobis Technology Group  LLC",
"comments_02: http": "//www.nobistech.net",
"comments_03": "For all inquiries relating",
"comments_04": "to network abuse  network",
"comments_05": "security  DMCA  trademark ",
"comments_06": "legal compliance  and law ",
"comments_07": "enforcement requests  contact",
"comments_08": "abuse@nobistech.net via e-mail",
"comments_09": "Nobis Technology Group",
"comments_10": "ATTN IP Network Operations",
"country_01": "US",
"country_02": "CN",
"created_at: 2015-07-07 20:22": "06 UTC",
"descr_01": "",
"descr_02": "",
"descr_03": "",
"descr_04": "",
"descr_05": "",
"descr_06": "",
"descr_07": "",
"descr_08": "",
"descr_09": "",
"descr_10": "",
"email_01": "abuse@nobistech.net",
"email_02": "admin@nobistech.net",
"email_03": "arin@nobistech.net",
"email_04": "service@paidc.com",
"email_05": "",
"email_06": "",
"email_07": "",
"email_08": "",
"email_09": "",
"email_10": "",
"fax_01": "",
"fax_02": "",
"fax_03": "",
"hostmax_01": "108.177.255.254",
"hostmax_02": "108.177.131.254",
"hostmax_03": "108.177.128.126",
"hostmax_04": "",
"hostmax_05": "",
"hostmax_06": "",
"hostmax_07": "",
"hostmax_08": "",
"hostmax_09": "",
"hostmax_10": "",
"hostmin_01": "108.177.128.1",
"hostmin_02": "108.177.128.1",
"hostmin_03": "108.177.128.1",
"hostmin_04": "",
"hostmin_05": "",
"hostmin_06": "",
"hostmin_07": "",
"hostmin_08": "",
"hostmin_09": "",
"hostmin_10": "",
"inetnum_01": "108.177.128.0/17",
"inetnum_02": "108.177.128.0/22",
"inetnum_03": "108.177.128.0/25",
"inetnum_04": "",
"inetnum_05": "",
"inetnum_06": "",
"inetnum_07": "",
"inetnum_08": "",
"inetnum_09": "",
"inetnum_10": "",
"info": "",
"mnt_01": "",
"mnt_02": "",
"mnt_03": "",
"mnt_04": "",
"mnt_05": "",
"mnt_06": "",
"name": "",
"netcount_01": "32766",
"netcount_02": "1022",
"netcount_03": "126",
"netcount_04": "",
"netcount_05": "",
"netcount_06": "",
"netcount_07": "",
"netcount_08": "",
"netcount_09": "",
"netcount_10": "",
"netmask_01": "255.255.128.0",
"netmask_02": "255.255.252.0",
"netmask_03": "255.255.255.128",
"netmask_04": "",
"netmask_05": "",
"netmask_06": "",
"netmask_07": "",
"netmask_08": "",
"netmask_09": "",
"netmask_10": "",
"netname_01": "NETBLK-NOBIS-TECHNOLOGY-GROUP-11",
"netname_02": "",
"nichdl_01": "NET-108-177-128-0-1",
"nichdl_02": "NOC2466-ARIN",
"nichdl_03": "AIA12-ARIN",
"nichdl_04": "",
"nichdl_05": "",
"notes": "",
"nserver_01": "",
"nserver_02": "",
"nserver_03": "",
"nslastaa_01": "",
"nslastaa_02": "",
"organization_01": "Nobis Technology Group  LLC ( NTGL )",
"organization_02": "",
"organization_03": "",
"organization_04": "",
"organization_05": "",
"orgname_01": "Nobis Technology Group  LLC",
"orgname_02": "NOC",
"orgname_03": "ARIN IP Admin",
"orgname_04": "PAIDC",
"orgname_05": "",
"originas_01": "AS15003",
"originas_02": "",
"originas_03": "",
"originas_04": "",
"originas_05": "",
"originas_06": "",
"originas_07": "",
"originas_08": "",
"originas_09": "",
"originas_10": "",
"other_01": "Direct Allocation",
"other_02": "2012-03-15",
"other_03": "NTGL",
"other_04": "2014-11-03",
"other_05": "108.177.128.0/22",
"other_06": "NET-35462.108.177.128.0/25",
"other_07": "Secondary Assignment per XOZ-800-15818",
"other_08": "108.177.128.0/25",
"other_09": "108.177.128.0 - 108.177.128.127",
"other_10": "MAINT-35462.108.177.128.0/25",
"parent_01": "NET108 ( NET-108-0-0-0-0 )",
"parent_02": "",
"parent_03": "",
"person_01": "",
"person_02": "",
"person_03": "",
"phone_01": "+1-480-212-1710 ",
"phone_02": "+8615058199007",
"phone_03": "",
"postalcode_01": "85054",
"postalcode_02": "310000",
"ref_01: http": "//whois.arin.net/rest/net/NET-108-177-128-0-1",
"ref_02: http": "//whois.arin.net/rest/org/NTGL",
"ref_03: http": "//whois.arin.net/rest/poc/NOC2466-ARIN",
"ref_04: http": "//whois.arin.net/rest/poc/AIA12-ARIN",
"ref_05": "",
"ref_06": "",
"ref_07": "",
"ref_08": "",
"ref_09": "",
"ref_10": "",
"regdate_01": "2012-03-15",
"regdate_02": "2007-01-30",
"remarks_01": "",
"remarks_02": "",
"remarks_03": "",
"remarks_04": "",
"remarks_05": "",
"remarks_06": "",
"remarks_07": "",
"remarks_08": "",
"remarks_09": "",
"remarks_10": "",
"route_01": "",
"route_02": "",
"rwhois_01: rwhois.nobistech.net": "4321",
"rwhois_02: rwhois.nobistech.net": "4321.",
"rwhois_03": "rwhois.nobistech.net ( Ubersmith RWhois Server V-2.3.0 )",
"rwhois_04": "",
"rwhois_05": "",
"source": "ARIN",
"state_01": "AZ",
"state_02": "",
"updated_01": "",
"updated_02": "",
"updated_03": "",
"updated_at": "",
"w_address_01": "5350 East High Street",
"w_address_02": "Suite 300",
"w_address_03": "yuhang 2-3-302",
"w_address_04": "",
"w_address_05": "",
"w_address_06": "",
"w_address_07": "",
"w_address_08": "",
"w_address_09": "",
"w_address_10": "",
}
