{
"abuse_01": "ABUSE4672-ARIN",
"abuse_02": "+1-302-261-5353 ",
"abuse_03": "abuse@coloup.com",
"abuse_04: http": "//whois.arin.net/rest/poc/ABUSE4672-ARIN",
"abuse_05": "",
"address": "162.223.88.0",
"changed_01": "",
"changed_02": "",
"changed_03": "",
"cidr_01": "162.223.88.0/21",
"cidr_02": "",
"city_01": "Wilmington",
"city_02": "",
"comments_01": "",
"comments_02": "",
"comments_03": "",
"comments_04": "",
"comments_05": "",
"comments_06": "",
"comments_07": "",
"comments_08": "",
"comments_09": "",
"comments_10": "",
"country_01": "US",
"country_02": "",
"created_at: 2015-07-07 20:22": "06 UTC",
"descr_01": "",
"descr_02": "",
"descr_03": "",
"descr_04": "",
"descr_05": "",
"descr_06": "",
"descr_07": "",
"descr_08": "",
"descr_09": "",
"descr_10": "",
"email_01": "abuse@coloup.com",
"email_02": "info@coloup.com",
"email_03": "",
"email_04": "",
"email_05": "",
"email_06": "",
"email_07": "",
"email_08": "",
"email_09": "",
"email_10": "",
"fax_01": "",
"fax_02": "",
"fax_03": "",
"hostmax_01": "162.223.95.254",
"hostmax_02": "",
"hostmax_03": "",
"hostmax_04": "",
"hostmax_05": "",
"hostmax_06": "",
"hostmax_07": "",
"hostmax_08": "",
"hostmax_09": "",
"hostmax_10": "",
"hostmin_01": "162.223.88.1",
"hostmin_02": "",
"hostmin_03": "",
"hostmin_04": "",
"hostmin_05": "",
"hostmin_06": "",
"hostmin_07": "",
"hostmin_08": "",
"hostmin_09": "",
"hostmin_10": "",
"inetnum_01": "162.223.88.0/21",
"inetnum_02": "",
"inetnum_03": "",
"inetnum_04": "",
"inetnum_05": "",
"inetnum_06": "",
"inetnum_07": "",
"inetnum_08": "",
"inetnum_09": "",
"inetnum_10": "",
"info": "",
"mnt_01": "",
"mnt_02": "",
"mnt_03": "",
"mnt_04": "",
"mnt_05": "",
"mnt_06": "",
"name": "",
"netcount_01": "2046",
"netcount_02": "",
"netcount_03": "",
"netcount_04": "",
"netcount_05": "",
"netcount_06": "",
"netcount_07": "",
"netcount_08": "",
"netcount_09": "",
"netcount_10": "",
"netmask_01": "255.255.248.0",
"netmask_02": "",
"netmask_03": "",
"netmask_04": "",
"netmask_05": "",
"netmask_06": "",
"netmask_07": "",
"netmask_08": "",
"netmask_09": "",
"netmask_10": "",
"netname_01": "NET-162-223",
"netname_02": "",
"nichdl_01": "NET-162-223-88-0-1",
"nichdl_02": "NETWO6762-ARIN",
"nichdl_03": "",
"nichdl_04": "",
"nichdl_05": "",
"notes": "",
"nserver_01": "",
"nserver_02": "",
"nserver_03": "",
"nslastaa_01": "",
"nslastaa_02": "",
"organization_01": "ColoUp ( SL-311 )",
"organization_02": "",
"organization_03": "",
"organization_04": "",
"organization_05": "",
"orgname_01": "ColoUp",
"orgname_02": "",
"orgname_03": "",
"orgname_04": "",
"orgname_05": "",
"originas_01": "AS19084",
"originas_02": "",
"originas_03": "",
"originas_04": "",
"originas_05": "",
"originas_06": "",
"originas_07": "",
"originas_08": "",
"originas_09": "",
"originas_10": "",
"other_01": "Direct Allocation",
"other_02": "2014-04-02",
"other_03": "SL-311",
"other_04": "2014-08-29",
"other_05": "",
"other_06": "",
"other_07": "",
"other_08": "",
"other_09": "",
"other_10": "",
"parent_01": "NET162 ( NET-162-0-0-0-0 )",
"parent_02": "",
"parent_03": "",
"person_01": "",
"person_02": "",
"person_03": "",
"phone_01": "+1-302-261-5353 ",
"phone_02": "",
"phone_03": "",
"postalcode_01": "19899",
"postalcode_02": "",
"ref_01: http": "//whois.arin.net/rest/net/NET-162-223-88-0-1",
"ref_02: http": "//whois.arin.net/rest/org/SL-311",
"ref_03: http": "//whois.arin.net/rest/poc/NETWO6762-ARIN",
"ref_04": "",
"ref_05": "",
"ref_06": "",
"ref_07": "",
"ref_08": "",
"ref_09": "",
"ref_10": "",
"regdate_01": "2013-10-18",
"regdate_02": "2013-09-30",
"remarks_01": "",
"remarks_02": "",
"remarks_03": "",
"remarks_04": "",
"remarks_05": "",
"remarks_06": "",
"remarks_07": "",
"remarks_08": "",
"remarks_09": "",
"remarks_10": "",
"route_01": "",
"route_02": "",
"rwhois_01: rwhois.coloup.com": "4321",
"rwhois_02: rwhois.coloup.com": "4321.",
"rwhois_03": "",
"rwhois_04": "",
"rwhois_05": "",
"source": "ARIN",
"state_01": "DE",
"state_02": "",
"updated_01": "",
"updated_02": "",
"updated_03": "",
"updated_at": "",
"w_address_01": "One Commerce Center - 1201 Orange St. ",
"w_address_02": "",
"w_address_03": "",
"w_address_04": "",
"w_address_05": "",
"w_address_06": "",
"w_address_07": "",
"w_address_08": "",
"w_address_09": "",
"w_address_10": "",
}
