{
"abuse_01": "ABUSE1119-ARIN",
"abuse_02": "+1-888-400-3484 ",
"abuse_03": "abuse@quickpacket.com",
"abuse_04: http": "//whois.arin.net/rest/poc/ABUSE1119-ARIN",
"abuse_05": "",
"address": "162.223.28.0",
"changed_01": "",
"changed_02": "",
"changed_03": "",
"cidr_01": "162.223.28.0/24",
"cidr_02": "162.223.28.0/22",
"city_01": "Atlanta",
"city_02": "",
"comments_01": "",
"comments_02": "",
"comments_03": "",
"comments_04": "",
"comments_05": "",
"comments_06": "",
"comments_07": "",
"comments_08": "",
"comments_09": "",
"comments_10": "",
"country_01": "US",
"country_02": "",
"created_at: 2015-07-07 20:22": "06 UTC",
"descr_01": "",
"descr_02": "",
"descr_03": "",
"descr_04": "",
"descr_05": "",
"descr_06": "",
"descr_07": "",
"descr_08": "",
"descr_09": "",
"descr_10": "",
"email_01": "ipadmin@quickpacket.com",
"email_02": "abuse@quickpacket.com",
"email_03": "",
"email_04": "",
"email_05": "",
"email_06": "",
"email_07": "",
"email_08": "",
"email_09": "",
"email_10": "",
"fax_01": "",
"fax_02": "",
"fax_03": "",
"hostmax_01": "162.223.28.254",
"hostmax_02": "162.223.31.254",
"hostmax_03": "",
"hostmax_04": "",
"hostmax_05": "",
"hostmax_06": "",
"hostmax_07": "",
"hostmax_08": "",
"hostmax_09": "",
"hostmax_10": "",
"hostmin_01": "162.223.28.1",
"hostmin_02": "162.223.28.1",
"hostmin_03": "",
"hostmin_04": "",
"hostmin_05": "",
"hostmin_06": "",
"hostmin_07": "",
"hostmin_08": "",
"hostmin_09": "",
"hostmin_10": "",
"inetnum_01": "162.223.28.0/24",
"inetnum_02": "162.223.28.0/22",
"inetnum_03": "",
"inetnum_04": "",
"inetnum_05": "",
"inetnum_06": "",
"inetnum_07": "",
"inetnum_08": "",
"inetnum_09": "",
"inetnum_10": "",
"info": "",
"mnt_01": "",
"mnt_02": "",
"mnt_03": "",
"mnt_04": "",
"mnt_05": "",
"mnt_06": "",
"name": "",
"netcount_01": "254",
"netcount_02": "1022",
"netcount_03": "",
"netcount_04": "",
"netcount_05": "",
"netcount_06": "",
"netcount_07": "",
"netcount_08": "",
"netcount_09": "",
"netcount_10": "",
"netmask_01": "255.255.255.0",
"netmask_02": "255.255.252.0",
"netmask_03": "",
"netmask_04": "",
"netmask_05": "",
"netmask_06": "",
"netmask_07": "",
"netmask_08": "",
"netmask_09": "",
"netmask_10": "",
"netname_01": "QP-IPV4-2572-3447",
"netname_02": "QP-IPV4-5",
"nichdl_01": "NET-162-223-28-0-2",
"nichdl_02": "NETWO1125-ARIN",
"nichdl_03": "NET-162-223-28-0-1",
"nichdl_04": "",
"nichdl_05": "",
"notes": "",
"nserver_01": "",
"nserver_02": "",
"nserver_03": "",
"nslastaa_01": "",
"nslastaa_02": "",
"organization_01": "QuickPacket  LLC ( QUICK-11 )",
"organization_02": "",
"organization_03": "",
"organization_04": "",
"organization_05": "",
"orgname_01": "Network Engineering",
"orgname_02": "QuickPacket  LLC",
"orgname_03": "",
"orgname_04": "",
"orgname_05": "",
"originas_01": "AS46261",
"originas_02": "AS46261",
"originas_03": "",
"originas_04": "",
"originas_05": "",
"originas_06": "",
"originas_07": "",
"originas_08": "",
"originas_09": "",
"originas_10": "",
"other_01": "Packet Flip  LLC ( C04764056 )",
"other_02": "2013-11-10",
"other_03": "Packet Flip  LLC",
"other_04": "Direct Allocation",
"other_05": "2013-10-17",
"other_06": "QUICK-11",
"other_07": "2014-09-18",
"other_08": "",
"other_09": "",
"other_10": "",
"parent_01": "QP-IPV4-5 ( NET-162-223-28-0-1 )",
"parent_02": "NET162 ( NET-162-0-0-0-0 )",
"parent_03": "",
"person_01": "",
"person_02": "",
"person_03": "",
"phone_01": "+1-888-400-3484 ",
"phone_02": "",
"phone_03": "",
"postalcode_01": "30303",
"postalcode_02": "30305",
"ref_01: http": "//whois.arin.net/rest/net/NET-162-223-28-0-2",
"ref_02: http": "//whois.arin.net/rest/customer/C04764056",
"ref_03: http": "//whois.arin.net/rest/poc/NETWO1125-ARIN",
"ref_04: http": "//whois.arin.net/rest/net/NET-162-223-28-0-1",
"ref_05: http": "//whois.arin.net/rest/org/QUICK-11",
"ref_06": "",
"ref_07": "",
"ref_08": "",
"ref_09": "",
"ref_10": "",
"regdate_01": "2013-11-10",
"regdate_02": "2013-10-17",
"remarks_01": "",
"remarks_02": "",
"remarks_03": "",
"remarks_04": "",
"remarks_05": "",
"remarks_06": "",
"remarks_07": "",
"remarks_08": "",
"remarks_09": "",
"remarks_10": "",
"route_01": "",
"route_02": "",
"rwhois_01": "",
"rwhois_02": "",
"rwhois_03": "",
"rwhois_04": "",
"rwhois_05": "",
"source": "ARIN",
"state_01": "GA",
"state_02": "",
"updated_01": "",
"updated_02": "",
"updated_03": "",
"updated_at": "",
"w_address_01": "55 Marietta St NW",
"w_address_02": "Suite 1600",
"w_address_03": "470 E Paces Ferry Rd NE",
"w_address_04": "172 Williamson Road  Unit 3662  Mooresville  NC 28117",
"w_address_05": "",
"w_address_06": "",
"w_address_07": "",
"w_address_08": "",
"w_address_09": "",
"w_address_10": "",
}
