{
"abuse_01": "ABUSE3588-ARIN",
"abuse_02": "+1-425-749-4040 ",
"abuse_03": "abuse@g2llc.com",
"abuse_04: http": "//whois.arin.net/rest/poc/ABUSE3588-ARIN",
"abuse_05": "SNA49-ARIN",
"address": "174.127.133.0",
"changed_01": "",
"changed_02": "",
"changed_03": "",
"cidr_01": "174.127.132.0/22",
"cidr_02": "174.127.128.0/17",
"city_01": "Bellevue",
"city_02": "Seattle",
"comments_01": "please use the abuse POC for any abuse related",
"comments_02": "issues  other locations just delay responses.",
"comments_03": "",
"comments_04": "",
"comments_05": "",
"comments_06": "",
"comments_07": "",
"comments_08": "",
"comments_09": "",
"comments_10": "",
"country_01": "US",
"country_02": "",
"created_at: 2015-07-07 20:22": "06 UTC",
"descr_01": "",
"descr_02": "",
"descr_03": "",
"descr_04": "",
"descr_05": "",
"descr_06": "",
"descr_07": "",
"descr_08": "",
"descr_09": "",
"descr_10": "",
"email_01": "tech@g2llc.com",
"email_02": "abuse@g2llc.com",
"email_03": "noc@spectrumnet.us",
"email_04": "abuse@spectrumnet.us",
"email_05": "",
"email_06": "",
"email_07": "",
"email_08": "",
"email_09": "",
"email_10": "",
"fax_01": "",
"fax_02": "",
"fax_03": "",
"hostmax_01": "174.127.135.254",
"hostmax_02": "174.127.255.254",
"hostmax_03": "",
"hostmax_04": "",
"hostmax_05": "",
"hostmax_06": "",
"hostmax_07": "",
"hostmax_08": "",
"hostmax_09": "",
"hostmax_10": "",
"hostmin_01": "174.127.132.1",
"hostmin_02": "174.127.128.1",
"hostmin_03": "",
"hostmin_04": "",
"hostmin_05": "",
"hostmin_06": "",
"hostmin_07": "",
"hostmin_08": "",
"hostmin_09": "",
"hostmin_10": "",
"inetnum_01": "174.127.132.0/22",
"inetnum_02": "174.127.128.0/17",
"inetnum_03": "",
"inetnum_04": "",
"inetnum_05": "",
"inetnum_06": "",
"inetnum_07": "",
"inetnum_08": "",
"inetnum_09": "",
"inetnum_10": "",
"info": "",
"mnt_01": "",
"mnt_02": "",
"mnt_03": "",
"mnt_04": "",
"mnt_05": "",
"mnt_06": "",
"name": "",
"netcount_01": "1022",
"netcount_02": "32766",
"netcount_03": "",
"netcount_04": "",
"netcount_05": "",
"netcount_06": "",
"netcount_07": "",
"netcount_08": "",
"netcount_09": "",
"netcount_10": "",
"netmask_01": "255.255.252.0",
"netmask_02": "255.255.128.0",
"netmask_03": "",
"netmask_04": "",
"netmask_05": "",
"netmask_06": "",
"netmask_07": "",
"netmask_08": "",
"netmask_09": "",
"netmask_10": "",
"netname_01": "VANOPPENBIZ-SP5002-174-127-132-0-22",
"netname_02": "VANOPPENBIZ-ARIN-6",
"nichdl_01": "NET-174-127-132-0-1",
"nichdl_02": "TECH691-ARIN",
"nichdl_03": "NET-174-127-128-0-1",
"nichdl_04": "SNN8-ARIN",
"nichdl_05": "",
"notes": "",
"nserver_01": "",
"nserver_02": "",
"nserver_03": "",
"nslastaa_01": "",
"nslastaa_02": "",
"organization_01": "G2 Web Services ( GWS-33 )",
"organization_02": "vanoppen.biz LLC ( VIS-47 )",
"organization_03": "",
"organization_04": "",
"organization_05": "",
"orgname_01": "G2 Web Services",
"orgname_02": "tech",
"orgname_03": "vanoppen.biz LLC",
"orgname_04": "Spectrum Networks NOC",
"orgname_05": "",
"originas_01": "AS11404",
"originas_02": "AS11404",
"originas_03": "",
"originas_04": "",
"originas_05": "",
"originas_06": "",
"originas_07": "",
"originas_08": "",
"originas_09": "",
"originas_10": "",
"other_01": "2013-04-03",
"other_02": "GWS-33",
"other_03": "2012-11-15",
"other_04": "Direct Allocation",
"other_05": "2012-03-02",
"other_06": "VIS-47",
"other_07": "2013-12-02",
"other_08": "",
"other_09": "",
"other_10": "",
"parent_01": "VANOPPENBIZ-ARIN-6 ( NET-174-127-128-0-1 )",
"parent_02": "NET174 ( NET-174-0-0-0-0 )",
"parent_03": "",
"person_01": "",
"person_02": "",
"person_03": "",
"phone_01": "+1-425-749-4040 ",
"phone_02": "+1-206-494-3293 ",
"phone_03": "",
"postalcode_01": "98004",
"postalcode_02": "98121",
"ref_01: http": "//whois.arin.net/rest/net/NET-174-127-132-0-1",
"ref_02: http": "//whois.arin.net/rest/org/GWS-33",
"ref_03: http": "//whois.arin.net/rest/poc/TECH691-ARIN",
"ref_04: http": "//whois.arin.net/rest/net/NET-174-127-128-0-1",
"ref_05: http": "//whois.arin.net/rest/org/VIS-47",
"ref_06: http": "//whois.arin.net/rest/poc/SNN8-ARIN",
"ref_07": "",
"ref_08": "",
"ref_09": "",
"ref_10": "",
"regdate_01": "2013-04-03",
"regdate_02": "2012-11-15",
"remarks_01": "",
"remarks_02": "",
"remarks_03": "",
"remarks_04": "",
"remarks_05": "",
"remarks_06": "",
"remarks_07": "",
"remarks_08": "",
"remarks_09": "",
"remarks_10": "",
"route_01": "",
"route_02": "",
"rwhois_01": "",
"rwhois_02": "",
"rwhois_03": "",
"rwhois_04": "",
"rwhois_05": "",
"source": "ARIN",
"state_01": "WA",
"state_02": "",
"updated_01": "",
"updated_02": "",
"updated_03": "",
"updated_at": "",
"w_address_01": "1750 112th Ave NE",
"w_address_02": "Suite C101",
"w_address_03": "C/O Spectrum Networks Operations",
"w_address_04": "2200 6th AVE",
"w_address_05": "Suite 905",
"w_address_06": "",
"w_address_07": "",
"w_address_08": "",
"w_address_09": "",
"w_address_10": "",
}
