{
"abuse_01": "AEA8-ARIN",
"abuse_02": "Amazon EC2 Abuse",
"abuse_03": "+1-206-266-4064 ",
"abuse_04": "ec2-abuse@amazon.com",
"abuse_05: http": "//whois.arin.net/rest/poc/AEA8-ARIN",
"address": "174.129.223.0",
"changed_01": "",
"changed_02": "",
"changed_03": "",
"cidr_01": "174.129.0.0/16",
"cidr_02": "",
"city_01": "Seattle",
"city_02": "",
"comments_01": "The activity you have detected originates from a",
"comments_02": "dynamic hosting environment.",
"comments_03": "For fastest response  please submit abuse reports at",
"comments_04: http": "//aws-portal.amazon.com/gp/aws/html-forms-controller/contactus/AWSAbuse",
"comments_05: http": "//ec2.amazonaws.com/",
"comments_06": "* src IP",
"comments_07": "* dest IP ( your IP )",
"comments_08": "* dest port",
"comments_09": "* Accurate date/timestamp and timezone of activity",
"comments_10": "* Intensity/frequency ( short log extracts )",
"country_01": "US",
"country_02": "",
"created_at: 2015-07-07 20:22": "06 UTC",
"descr_01": "",
"descr_02": "",
"descr_03": "",
"descr_04": "",
"descr_05": "",
"descr_06": "",
"descr_07": "",
"descr_08": "",
"descr_09": "",
"descr_10": "",
"email_01": "aes-noc@amazon.com",
"email_02": "ec2-abuse@amazon.com",
"email_03": "",
"email_04": "",
"email_05": "",
"email_06": "",
"email_07": "",
"email_08": "",
"email_09": "",
"email_10": "",
"fax_01": "",
"fax_02": "",
"fax_03": "",
"hostmax_01": "174.129.255.254",
"hostmax_02": "",
"hostmax_03": "",
"hostmax_04": "",
"hostmax_05": "",
"hostmax_06": "",
"hostmax_07": "",
"hostmax_08": "",
"hostmax_09": "",
"hostmax_10": "",
"hostmin_01": "174.129.0.1",
"hostmin_02": "",
"hostmin_03": "",
"hostmin_04": "",
"hostmin_05": "",
"hostmin_06": "",
"hostmin_07": "",
"hostmin_08": "",
"hostmin_09": "",
"hostmin_10": "",
"inetnum_01": "174.129.0.0/16",
"inetnum_02": "",
"inetnum_03": "",
"inetnum_04": "",
"inetnum_05": "",
"inetnum_06": "",
"inetnum_07": "",
"inetnum_08": "",
"inetnum_09": "",
"inetnum_10": "",
"info": "",
"mnt_01": "",
"mnt_02": "",
"mnt_03": "",
"mnt_04": "",
"mnt_05": "",
"mnt_06": "",
"name": "",
"netcount_01": "65534",
"netcount_02": "",
"netcount_03": "",
"netcount_04": "",
"netcount_05": "",
"netcount_06": "",
"netcount_07": "",
"netcount_08": "",
"netcount_09": "",
"netcount_10": "",
"netmask_01": "255.255.0.0",
"netmask_02": "",
"netmask_03": "",
"netmask_04": "",
"netmask_05": "",
"netmask_06": "",
"netmask_07": "",
"netmask_08": "",
"netmask_09": "",
"netmask_10": "",
"netname_01": "AMAZON-EC2-5",
"netname_02": "",
"nichdl_01": "NET-174-129-0-0-1",
"nichdl_02": "ANO24-ARIN",
"nichdl_03": "AANO1-ARIN",
"nichdl_04": "",
"nichdl_05": "",
"notes": "",
"nserver_01": "",
"nserver_02": "",
"nserver_03": "",
"nslastaa_01": "",
"nslastaa_02": "",
"organization_01": "Amazon.com  Inc. ( AMAZO-4 )",
"organization_02": "",
"organization_03": "",
"organization_04": "",
"organization_05": "",
"orgname_01": "Amazon.com  Inc.",
"orgname_02": "Amazon EC2 Network Operations",
"orgname_03": "Amazon AWS Network Operations",
"orgname_04": "",
"orgname_05": "",
"originas_01": "",
"originas_02": "",
"originas_03": "",
"originas_04": "",
"originas_05": "",
"originas_06": "",
"originas_07": "",
"originas_08": "",
"originas_09": "",
"originas_10": "",
"other_01": "Direct Allocation",
"other_02": "2014-09-03",
"other_03": "AMAZO-4",
"other_04": "2014-10-17",
"other_05": "Amazon EC2 Network Operations",
"other_06": "",
"other_07": "",
"other_08": "",
"other_09": "",
"other_10": "",
"parent_01": "NET174 ( NET-174-0-0-0-0 )",
"parent_02": "",
"parent_03": "",
"person_01": "",
"person_02": "",
"person_03": "",
"phone_01": "+1-206-266-4064 ",
"phone_02": "+1-206-266-2187 ",
"phone_03": "",
"postalcode_01": "98144",
"postalcode_02": "",
"ref_01: http": "//whois.arin.net/rest/net/NET-174-129-0-0-1",
"ref_02: http": "//whois.arin.net/rest/org/AMAZO-4",
"ref_03: http": "//whois.arin.net/rest/poc/ANO24-ARIN",
"ref_04: http": "//whois.arin.net/rest/poc/AANO1-ARIN",
"ref_05": "",
"ref_06": "",
"ref_07": "",
"ref_08": "",
"ref_09": "",
"ref_10": "",
"regdate_01": "2008-08-08",
"regdate_02": "2005-09-29",
"remarks_01": "",
"remarks_02": "",
"remarks_03": "",
"remarks_04": "",
"remarks_05": "",
"remarks_06": "",
"remarks_07": "",
"remarks_08": "",
"remarks_09": "",
"remarks_10": "",
"route_01": "",
"route_02": "",
"rwhois_01": "",
"rwhois_02": "",
"rwhois_03": "",
"rwhois_04": "",
"rwhois_05": "",
"source": "ARIN",
"state_01": "WA",
"state_02": "",
"updated_01": "",
"updated_02": "",
"updated_03": "",
"updated_at": "",
"w_address_01": "Amazon Web Services  Elastic Compute Cloud  EC2",
"w_address_02": "1200 12th Avenue South",
"w_address_03": "",
"w_address_04": "",
"w_address_05": "",
"w_address_06": "",
"w_address_07": "",
"w_address_08": "",
"w_address_09": "",
"w_address_10": "",
}
