{
"abuse_01": "IC146-ARIN",
"abuse_02": "Cox Communications Inc",
"abuse_03": "+1-404-269-7626 ",
"abuse_04": "abuse@cox.net",
"abuse_05: http": "//whois.arin.net/rest/poc/IC146-ARIN",
"address": "174.77.229.226",
"changed_01": "",
"changed_02": "",
"changed_03": "",
"cidr_01": "174.64.0.0/12",
"cidr_02": "174.77.224.0/20",
"city_01": "Atlanta",
"city_02": "",
"comments_01": "For legal requests/assistance please use the",
"comments_02: http": "//www.cox.com/policy/leainformation/default.asp",
"comments_03": "",
"comments_04": "",
"comments_05": "",
"comments_06": "",
"comments_07": "",
"comments_08": "",
"comments_09": "",
"comments_10": "",
"country_01": "US",
"country_02": "",
"created_at: 2015-07-07 20:22": "06 UTC",
"descr_01": "",
"descr_02": "",
"descr_03": "",
"descr_04": "",
"descr_05": "",
"descr_06": "",
"descr_07": "",
"descr_08": "",
"descr_09": "",
"descr_10": "",
"email_01": "tori.berube@cox.com",
"email_02": "alvin.anderson@cox.com",
"email_03": "abuse@cox.net",
"email_04": "tiffany.coleman@cox.com",
"email_05": "",
"email_06": "",
"email_07": "",
"email_08": "",
"email_09": "",
"email_10": "",
"fax_01": "",
"fax_02": "",
"fax_03": "",
"hostmax_01": "174.79.255.254",
"hostmax_02": "174.77.239.254",
"hostmax_03": "",
"hostmax_04": "",
"hostmax_05": "",
"hostmax_06": "",
"hostmax_07": "",
"hostmax_08": "",
"hostmax_09": "",
"hostmax_10": "",
"hostmin_01": "174.64.0.1",
"hostmin_02": "174.77.224.1",
"hostmin_03": "",
"hostmin_04": "",
"hostmin_05": "",
"hostmin_06": "",
"hostmin_07": "",
"hostmin_08": "",
"hostmin_09": "",
"hostmin_10": "",
"inetnum_01": "174.64.0.0/12",
"inetnum_02": "174.77.224.0/20",
"inetnum_03": "",
"inetnum_04": "",
"inetnum_05": "",
"inetnum_06": "",
"inetnum_07": "",
"inetnum_08": "",
"inetnum_09": "",
"inetnum_10": "",
"info": "",
"mnt_01": "",
"mnt_02": "",
"mnt_03": "",
"mnt_04": "",
"mnt_05": "",
"mnt_06": "",
"name": "",
"netcount_01": "1048574",
"netcount_02": "4094",
"netcount_03": "",
"netcount_04": "",
"netcount_05": "",
"netcount_06": "",
"netcount_07": "",
"netcount_08": "",
"netcount_09": "",
"netcount_10": "",
"netmask_01": "255.240.0.0",
"netmask_02": "255.255.240.0",
"netmask_03": "",
"netmask_04": "",
"netmask_05": "",
"netmask_06": "",
"netmask_07": "",
"netmask_08": "",
"netmask_09": "",
"netmask_10": "",
"netname_01": "CXA",
"netname_02": "NETBLK-AT-CBS-174-77-224-0",
"nichdl_01": "NET-174-64-0-0-1",
"nichdl_02": "BERUB3-ARIN",
"nichdl_03": "ADA131-ARIN",
"nichdl_04": "NIA16-ARIN",
"nichdl_05": "RWA196-ARIN",
"notes": "",
"nserver_01": "",
"nserver_02": "",
"nserver_03": "",
"nslastaa_01": "",
"nslastaa_02": "",
"organization_01": "Cox Communications Inc. ( CXA )",
"organization_02": "",
"organization_03": "",
"organization_04": "",
"organization_05": "",
"orgname_01": "Cox Communications Inc.",
"orgname_02": "Berube  Tori ",
"orgname_03": "Anderson  Alvin Demond",
"orgname_04": "Waldron  Roderick ",
"orgname_05": "BA  Aboubakr ",
"originas_01": "",
"originas_02": "",
"originas_03": "",
"originas_04": "",
"originas_05": "",
"originas_06": "",
"originas_07": "",
"originas_08": "",
"originas_09": "",
"originas_10": "",
"other_01": "Direct Allocation",
"other_02": "2012-03-02",
"other_03": "CXA",
"other_04": "2014-09-29",
"other_05": "Cox Communications ( C02438037 )",
"other_06": "2010-03-08",
"other_07": "Cox Communications",
"other_08": "2011-03-19",
"other_09": "",
"other_10": "",
"parent_01": "NET174 ( NET-174-0-0-0-0 )",
"parent_02": "CXA ( NET-174-64-0-0-1 )",
"parent_03": "",
"person_01": "",
"person_02": "",
"person_03": "",
"phone_01": "404-269-0100",
"phone_02": "+1-404-269-4416 ",
"phone_03": "+1-404-269-7626 ",
"postalcode_01": "30319",
"postalcode_02": "",
"ref_01: http": "//whois.arin.net/rest/net/NET-174-64-0-0-1",
"ref_02: http": "//whois.arin.net/rest/org/CXA",
"ref_03: http": "//whois.arin.net/rest/poc/BERUB3-ARIN",
"ref_04: http": "//whois.arin.net/rest/poc/ADA131-ARIN",
"ref_05: http": "//whois.arin.net/rest/poc/NIA16-ARIN",
"ref_06: http": "//whois.arin.net/rest/poc/RWA196-ARIN",
"ref_07: http": "//whois.arin.net/rest/poc/BAABO-ARIN",
"ref_08: http": "//whois.arin.net/rest/net/NET-174-77-224-0-1",
"ref_09: http": "//whois.arin.net/rest/customer/C02438037",
"ref_10": "",
"regdate_01": "2009-02-19",
"regdate_02": "2010-03-08",
"remarks_01": "",
"remarks_02": "",
"remarks_03": "",
"remarks_04": "",
"remarks_05": "",
"remarks_06": "",
"remarks_07": "",
"remarks_08": "",
"remarks_09": "",
"remarks_10": "",
"route_01": "",
"route_02": "",
"rwhois_01": "",
"rwhois_02": "",
"rwhois_03": "",
"rwhois_04": "",
"rwhois_05": "",
"source": "ARIN",
"state_01": "GA",
"state_02": "",
"updated_01": "",
"updated_02": "",
"updated_03": "",
"updated_at": "",
"w_address_01": "1400 Lake Hearn Dr.",
"w_address_02": "1400 Lake Hearn Dr",
"w_address_03": "",
"w_address_04": "",
"w_address_05": "",
"w_address_06": "",
"w_address_07": "",
"w_address_08": "",
"w_address_09": "",
"w_address_10": "",
}
