{
"abuse_01": "NOC13339-ARIN",
"abuse_02": "+1-716-745-4678 ",
"abuse_03": "noc@servermania.com",
"abuse_04: http": "//whois.arin.net/rest/poc/NOC13339-ARIN",
"abuse_05": "",
"address": "192.241.108.0",
"changed_01": "",
"changed_02": "",
"changed_03": "",
"cidr_01": "192.241.64.0/18",
"cidr_02": "192.241.108.0/24",
"city_01": "Buffalo",
"city_02": "Los Angeles",
"comments_01": "",
"comments_02": "",
"comments_03": "",
"comments_04": "",
"comments_05": "",
"comments_06": "",
"comments_07": "",
"comments_08": "",
"comments_09": "",
"comments_10": "",
"country_01": "US",
"country_02": "",
"created_at: 2015-07-07 20:22": "06 UTC",
"descr_01": "",
"descr_02": "",
"descr_03": "",
"descr_04": "",
"descr_05": "",
"descr_06": "",
"descr_07": "",
"descr_08": "",
"descr_09": "",
"descr_10": "",
"email_01": "noc@servermania.com",
"email_02": "",
"email_03": "",
"email_04": "",
"email_05": "",
"email_06": "",
"email_07": "",
"email_08": "",
"email_09": "",
"email_10": "",
"fax_01": "",
"fax_02": "",
"fax_03": "",
"hostmax_01": "192.241.127.254",
"hostmax_02": "192.241.108.254",
"hostmax_03": "",
"hostmax_04": "",
"hostmax_05": "",
"hostmax_06": "",
"hostmax_07": "",
"hostmax_08": "",
"hostmax_09": "",
"hostmax_10": "",
"hostmin_01": "192.241.64.1",
"hostmin_02": "192.241.108.1",
"hostmin_03": "",
"hostmin_04": "",
"hostmin_05": "",
"hostmin_06": "",
"hostmin_07": "",
"hostmin_08": "",
"hostmin_09": "",
"hostmin_10": "",
"inetnum_01": "192.241.64.0/18",
"inetnum_02": "192.241.108.0/24",
"inetnum_03": "",
"inetnum_04": "",
"inetnum_05": "",
"inetnum_06": "",
"inetnum_07": "",
"inetnum_08": "",
"inetnum_09": "",
"inetnum_10": "",
"info": "",
"mnt_01": "",
"mnt_02": "",
"mnt_03": "",
"mnt_04": "",
"mnt_05": "",
"mnt_06": "",
"name": "",
"netcount_01": "16382",
"netcount_02": "254",
"netcount_03": "",
"netcount_04": "",
"netcount_05": "",
"netcount_06": "",
"netcount_07": "",
"netcount_08": "",
"netcount_09": "",
"netcount_10": "",
"netmask_01": "255.255.192.0",
"netmask_02": "255.255.255.0",
"netmask_03": "",
"netmask_04": "",
"netmask_05": "",
"netmask_06": "",
"netmask_07": "",
"netmask_08": "",
"netmask_09": "",
"netmask_10": "",
"netname_01": "B2NETSOLUTIONS",
"netname_02": "NET-192-241-108-0-1",
"nichdl_01": "NET-192-241-64-0-1",
"nichdl_02": "NOC13339-ARIN",
"nichdl_03": "NET-192-241-108-0-1",
"nichdl_04": "",
"nichdl_05": "",
"notes": "",
"nserver_01": "",
"nserver_02": "",
"nserver_03": "",
"nslastaa_01": "",
"nslastaa_02": "",
"organization_01": "B2 Net Solutions Inc. ( BNS-34 )",
"organization_02": "",
"organization_03": "",
"organization_04": "",
"organization_05": "",
"orgname_01": "B2 Net Solutions Inc.",
"orgname_02": "",
"orgname_03": "",
"orgname_04": "",
"orgname_05": "",
"originas_01": "",
"originas_02": "",
"originas_03": "",
"originas_04": "",
"originas_05": "",
"originas_06": "",
"originas_07": "",
"originas_08": "",
"originas_09": "",
"originas_10": "",
"other_01": "Direct Allocation",
"other_02": "2013-06-10",
"other_03": "BNS-34",
"other_04": "2014-03-04",
"other_05": "IDE Internet Group ( C05242858 )",
"other_06": "2014-08-19",
"other_07": "IDE Internet Group",
"other_08": "",
"other_09": "",
"other_10": "",
"parent_01": "NET192 ( NET-192-0-0-0-0 )",
"parent_02": "B2NETSOLUTIONS ( NET-192-241-64-0-1 )",
"parent_03": "",
"person_01": "",
"person_02": "",
"person_03": "",
"phone_01": "+1-716-745-4678 ",
"phone_02": "",
"phone_03": "",
"postalcode_01": "14202",
"postalcode_02": "90014",
"ref_01: http": "//whois.arin.net/rest/net/NET-192-241-64-0-1",
"ref_02: http": "//whois.arin.net/rest/org/BNS-34",
"ref_03: http": "//whois.arin.net/rest/poc/NOC13339-ARIN",
"ref_04: http": "//whois.arin.net/rest/net/NET-192-241-108-0-1",
"ref_05: http": "//whois.arin.net/rest/customer/C05242858",
"ref_06": "",
"ref_07": "",
"ref_08": "",
"ref_09": "",
"ref_10": "",
"regdate_01": "2013-06-10",
"regdate_02": "2011-10-24",
"remarks_01": "",
"remarks_02": "",
"remarks_03": "",
"remarks_04": "",
"remarks_05": "",
"remarks_06": "",
"remarks_07": "",
"remarks_08": "",
"remarks_09": "",
"remarks_10": "",
"route_01": "",
"route_02": "",
"rwhois_01": "",
"rwhois_02": "",
"rwhois_03": "",
"rwhois_04": "",
"rwhois_05": "",
"source": "ARIN",
"state_01": "NY",
"state_02": "CA",
"updated_01": "",
"updated_02": "",
"updated_03": "",
"updated_at": "",
"w_address_01": "350 Main Street",
"w_address_02": "530 W. 6th Street Suite 901",
"w_address_03": "",
"w_address_04": "",
"w_address_05": "",
"w_address_06": "",
"w_address_07": "",
"w_address_08": "",
"w_address_09": "",
"w_address_10": "",
}
