{
"abuse_01": "ABUSE2526-ARIN",
"abuse_02": "+1-213-614-9371 ",
"abuse_03": "abuse@quadranet.com",
"abuse_04: http": "//whois.arin.net/rest/poc/ABUSE2526-ARIN",
"abuse_05": "Abuse Dept",
"address": "192.161.182.165",
"changed_01": "",
"changed_02": "",
"changed_03": "",
"cidr_01": "192.161.160.0/19",
"cidr_02": "",
"city_01": "Los Angeles",
"city_02": "Sevlievo",
"comments_01": "",
"comments_02": "",
"comments_03": "",
"comments_04": "",
"comments_05": "",
"comments_06": "",
"comments_07": "",
"comments_08": "",
"comments_09": "",
"comments_10": "",
"country_01": "US",
"country_02": "BG",
"created_at: 2015-07-07 20:22": "06 UTC",
"descr_01": "",
"descr_02": "",
"descr_03": "",
"descr_04": "",
"descr_05": "",
"descr_06": "",
"descr_07": "",
"descr_08": "",
"descr_09": "",
"descr_10": "",
"email_01": "abuse@quadranet.com",
"email_02": "noc@quadranet.com",
"email_03": "support@quadranet.com",
"email_04": "",
"email_05": "",
"email_06": "",
"email_07": "",
"email_08": "",
"email_09": "",
"email_10": "",
"fax_01": "",
"fax_02": "",
"fax_03": "",
"hostmax_01": "192.161.191.254",
"hostmax_02": "192.161.183.254",
"hostmax_03": "192.161.182.190",
"hostmax_04": "",
"hostmax_05": "",
"hostmax_06": "",
"hostmax_07": "",
"hostmax_08": "",
"hostmax_09": "",
"hostmax_10": "",
"hostmin_01": "192.161.160.1",
"hostmin_02": "192.161.180.1",
"hostmin_03": "192.161.182.129",
"hostmin_04": "",
"hostmin_05": "",
"hostmin_06": "",
"hostmin_07": "",
"hostmin_08": "",
"hostmin_09": "",
"hostmin_10": "",
"inetnum_01": "192.161.160.0/19",
"inetnum_02": "192.161.180.0/22",
"inetnum_03": "192.161.182.128/26",
"inetnum_04": "",
"inetnum_05": "",
"inetnum_06": "",
"inetnum_07": "",
"inetnum_08": "",
"inetnum_09": "",
"inetnum_10": "",
"info": "",
"mnt_01": "",
"mnt_02": "",
"mnt_03": "",
"mnt_04": "",
"mnt_05": "",
"mnt_06": "",
"name": "",
"netcount_01": "8190",
"netcount_02": "1022",
"netcount_03": "62",
"netcount_04": "",
"netcount_05": "",
"netcount_06": "",
"netcount_07": "",
"netcount_08": "",
"netcount_09": "",
"netcount_10": "",
"netmask_01": "255.255.224.0",
"netmask_02": "255.255.252.0",
"netmask_03": "255.255.255.192",
"netmask_04": "",
"netmask_05": "",
"netmask_06": "",
"netmask_07": "",
"netmask_08": "",
"netmask_09": "",
"netmask_10": "",
"netname_01": "QUADRANET",
"netname_02": "",
"nichdl_01": "NET-192-161-160-0-1",
"nichdl_02": "ABUSE2526-ARIN",
"nichdl_03": "NOC293-ARIN",
"nichdl_04": "",
"nichdl_05": "",
"notes": "",
"nserver_01": "",
"nserver_02": "",
"nserver_03": "",
"nslastaa_01": "",
"nslastaa_02": "",
"organization_01": "QuadraNet  Inc ( QUADR-20 )",
"organization_02": "",
"organization_03": "",
"organization_04": "",
"organization_05": "",
"orgname_01": "QuadraNet  Inc",
"orgname_02": "NOC",
"orgname_03": "QHoster Ltd",
"orgname_04": "",
"orgname_05": "",
"originas_01": "AS29761",
"originas_02": "",
"originas_03": "",
"originas_04": "",
"originas_05": "",
"originas_06": "",
"originas_07": "",
"originas_08": "",
"originas_09": "",
"originas_10": "",
"other_01": "Direct Allocation",
"other_02": "2013-12-31",
"other_03": "QUADR-20",
"other_04": "2014-06-09",
"other_05": "192.161.180.0/22",
"other_06": "NET-45499.192.161.182.128/26",
"other_07": "Public Network IP Range",
"other_08": "192.161.182.128/26",
"other_09": "192.161.182.128 - 192.161.182.191",
"other_10": "MAINT-45499.192.161.182.128/26",
"parent_01": "NET192 ( NET-192-0-0-0-0 )",
"parent_02": "",
"parent_03": "",
"person_01": "",
"person_02": "",
"person_03": "",
"phone_01": "+1-213-614-9371 ",
"phone_02": "1-888-5-QUADRA",
"phone_03": "EMAIL ONLY",
"postalcode_01": "90014",
"postalcode_02": "5400",
"ref_01: http": "//whois.arin.net/rest/net/NET-192-161-160-0-1",
"ref_02: http": "//whois.arin.net/rest/org/QUADR-20",
"ref_03: http": "//whois.arin.net/rest/poc/ABUSE2526-ARIN",
"ref_04: http": "//whois.arin.net/rest/poc/NOC293-ARIN",
"ref_05": "",
"ref_06": "",
"ref_07": "",
"ref_08": "",
"ref_09": "",
"ref_10": "",
"regdate_01": "2013-04-17",
"regdate_02": "2010-01-14",
"remarks_01": "",
"remarks_02": "",
"remarks_03": "",
"remarks_04": "",
"remarks_05": "",
"remarks_06": "",
"remarks_07": "",
"remarks_08": "",
"remarks_09": "",
"remarks_10": "",
"route_01": "",
"route_02": "",
"rwhois_01: rwhois.quadranet.com": "4321",
"rwhois_02: rwhois.quadranet.com": "4321.",
"rwhois_03": "manage.quadranet.com ( Ubersmith RWhois Server V-3.1.5 )",
"rwhois_04": "",
"rwhois_05": "",
"source": "ARIN",
"state_01": "CA",
"state_02": "GB",
"updated_01": "",
"updated_02": "",
"updated_03": "",
"updated_at": "",
"w_address_01": "530 W 6th Street",
"w_address_02": "Suite 901",
"w_address_03": "27 Nikola D. Petkov Str.",
"w_address_04": "",
"w_address_05": "",
"w_address_06": "",
"w_address_07": "",
"w_address_08": "",
"w_address_09": "",
"w_address_10": "",
}
