{
"abuse_01": "ABUSE3146-ARIN",
"abuse_02": "+1-716-435-7305 ",
"abuse_03": "abuse@chicagovps.net",
"abuse_04: http": "//whois.arin.net/rest/poc/ABUSE3146-ARIN",
"abuse_05": "ABUSE3246-ARIN",
"address": "198.46.152.0",
"changed_01": "",
"changed_02": "",
"changed_03": "",
"cidr_01": "198.46.152.0/24",
"cidr_02": "198.46.128.0/17",
"city_01": "Elk Grove Village",
"city_02": "Williamsville",
"comments_01": "",
"comments_02": "",
"comments_03": "",
"comments_04": "",
"comments_05": "",
"comments_06": "",
"comments_07": "",
"comments_08": "",
"comments_09": "",
"comments_10": "",
"country_01": "US",
"country_02": "",
"created_at: 2015-07-07 20:22": "06 UTC",
"descr_01": "",
"descr_02": "",
"descr_03": "",
"descr_04": "",
"descr_05": "",
"descr_06": "",
"descr_07": "",
"descr_08": "",
"descr_09": "",
"descr_10": "",
"email_01": "chris@nwnx.net",
"email_02": "abuse@chicagovps.net",
"email_03": "engineering@chicagovps.net",
"email_04": "avial@colocrossing.com",
"email_05": "abuse@colocrossing.com",
"email_06": "support@colocrossing.com",
"email_07": "",
"email_08": "",
"email_09": "",
"email_10": "",
"fax_01": "",
"fax_02": "",
"fax_03": "",
"hostmax_01": "198.46.152.254",
"hostmax_02": "198.46.255.254",
"hostmax_03": "",
"hostmax_04": "",
"hostmax_05": "",
"hostmax_06": "",
"hostmax_07": "",
"hostmax_08": "",
"hostmax_09": "",
"hostmax_10": "",
"hostmin_01": "198.46.152.1",
"hostmin_02": "198.46.128.1",
"hostmin_03": "",
"hostmin_04": "",
"hostmin_05": "",
"hostmin_06": "",
"hostmin_07": "",
"hostmin_08": "",
"hostmin_09": "",
"hostmin_10": "",
"inetnum_01": "198.46.152.0/24",
"inetnum_02": "198.46.128.0/17",
"inetnum_03": "",
"inetnum_04": "",
"inetnum_05": "",
"inetnum_06": "",
"inetnum_07": "",
"inetnum_08": "",
"inetnum_09": "",
"inetnum_10": "",
"info": "",
"mnt_01": "",
"mnt_02": "",
"mnt_03": "",
"mnt_04": "",
"mnt_05": "",
"mnt_06": "",
"name": "",
"netcount_01": "254",
"netcount_02": "32766",
"netcount_03": "",
"netcount_04": "",
"netcount_05": "",
"netcount_06": "",
"netcount_07": "",
"netcount_08": "",
"netcount_09": "",
"netcount_10": "",
"netmask_01": "255.255.255.0",
"netmask_02": "255.255.128.0",
"netmask_03": "",
"netmask_04": "",
"netmask_05": "",
"netmask_06": "",
"netmask_07": "",
"netmask_08": "",
"netmask_09": "",
"netmask_10": "",
"netname_01": "CC-198-46-152-0-24",
"netname_02": "CC-13",
"nichdl_01": "NET-198-46-152-0-1",
"nichdl_02": "FABOZ55-ARIN",
"nichdl_03": "NOC12487-ARIN",
"nichdl_04": "NET-198-46-128-0-1",
"nichdl_05": "VIALA-ARIN",
"notes": "",
"nserver_01": "",
"nserver_02": "",
"nserver_03": "",
"nslastaa_01": "",
"nslastaa_02": "",
"organization_01": "New Wave NetConnect  LLC ( NWNL-1 )",
"organization_02": "ColoCrossing ( VGS-9 )",
"organization_03": "",
"organization_04": "",
"organization_05": "",
"orgname_01": "New Wave NetConnect  LLC",
"orgname_02": "Fabozzi  Chris ",
"orgname_03": "NOC",
"orgname_04": "ColoCrossing",
"orgname_05": "Vial  Alex ",
"originas_01": "AS36352",
"originas_02": "AS36352",
"originas_03": "",
"originas_04": "",
"originas_05": "",
"originas_06": "",
"originas_07": "",
"originas_08": "",
"originas_09": "",
"originas_10": "",
"other_01": "2013-03-21",
"other_02": "NWNL-1",
"other_03": "2013-02-22",
"other_04": "Direct Allocation",
"other_05": "2013-03-12",
"other_06": "VGS-9",
"other_07": "2012-01-10",
"other_08": "",
"other_09": "",
"other_10": "",
"parent_01": "CC-13 ( NET-198-46-128-0-1 )",
"parent_02": "NET198 ( NET-198-0-0-0-0 )",
"parent_03": "",
"person_01": "",
"person_02": "",
"person_03": "",
"phone_01": "+1-716-435-7305 ",
"phone_02": "+1-800-518-9716 ",
"phone_03": "",
"postalcode_01": "60007",
"postalcode_02": "14221",
"ref_01: http": "//whois.arin.net/rest/net/NET-198-46-152-0-1",
"ref_02: http": "//whois.arin.net/rest/org/NWNL-1",
"ref_03: http": "//whois.arin.net/rest/poc/FABOZ55-ARIN",
"ref_04: http": "//whois.arin.net/rest/poc/NOC12487-ARIN",
"ref_05: http": "//whois.arin.net/rest/net/NET-198-46-128-0-1",
"ref_06: http": "//whois.arin.net/rest/org/VGS-9",
"ref_07: http": "//whois.arin.net/rest/poc/VIALA-ARIN",
"ref_08: http": "//whois.arin.net/rest/poc/NETWO882-ARIN",
"ref_09": "",
"ref_10": "",
"regdate_01": "2013-03-21",
"regdate_02": "2011-08-24",
"remarks_01": "",
"remarks_02": "",
"remarks_03": "",
"remarks_04": "",
"remarks_05": "",
"remarks_06": "",
"remarks_07": "",
"remarks_08": "",
"remarks_09": "",
"remarks_10": "",
"route_01": "",
"route_02": "",
"rwhois_01": "",
"rwhois_02": "",
"rwhois_03": "",
"rwhois_04": "",
"rwhois_05": "",
"source": "ARIN",
"state_01": "IL",
"state_02": "NY",
"updated_01": "",
"updated_02": "",
"updated_03": "",
"updated_at": "",
"w_address_01": "2200 Busse RD",
"w_address_02": "8469 Sheridan Drive",
"w_address_03": "ARIN",
"w_address_04": "",
"w_address_05": "",
"w_address_06": "",
"w_address_07": "",
"w_address_08": "",
"w_address_09": "",
"w_address_10": "",
}
