{
"abuse_01": "HOSTM227-ARIN",
"abuse_02": "Hostmaster",
"abuse_03": "+1-613-947-6639 ",
"abuse_04": "jagg.persaud@ssc-spc.gc.ca",
"abuse_05: http": "//whois.arin.net/rest/poc/HOSTM227-ARIN",
"address": "198.103.184.76",
"changed_01": "",
"changed_02": "",
"changed_03": "",
"cidr_01": "198.103.0.0/16",
"cidr_02": "198.103.184.0/24",
"city_01": "Ottawa",
"city_02": "",
"comments_01": "",
"comments_02": "",
"comments_03": "",
"comments_04": "",
"comments_05": "",
"comments_06": "",
"comments_07": "",
"comments_08": "",
"comments_09": "",
"comments_10": "",
"country_01": "CA",
"country_02": "",
"created_at: 2015-07-07 20:22": "06 UTC",
"descr_01": "",
"descr_02": "",
"descr_03": "",
"descr_04": "",
"descr_05": "",
"descr_06": "",
"descr_07": "",
"descr_08": "",
"descr_09": "",
"descr_10": "",
"email_01": "jim.malone@ssc-spc.gc.ca",
"email_02": "jagg.persaud@ssc-spc.gc.ca",
"email_03": "",
"email_04": "",
"email_05": "",
"email_06": "",
"email_07": "",
"email_08": "",
"email_09": "",
"email_10": "",
"fax_01": "",
"fax_02": "",
"fax_03": "",
"hostmax_01": "198.103.255.254",
"hostmax_02": "198.103.184.254",
"hostmax_03": "",
"hostmax_04": "",
"hostmax_05": "",
"hostmax_06": "",
"hostmax_07": "",
"hostmax_08": "",
"hostmax_09": "",
"hostmax_10": "",
"hostmin_01": "198.103.0.1",
"hostmin_02": "198.103.184.1",
"hostmin_03": "",
"hostmin_04": "",
"hostmin_05": "",
"hostmin_06": "",
"hostmin_07": "",
"hostmin_08": "",
"hostmin_09": "",
"hostmin_10": "",
"inetnum_01": "198.103.0.0/16",
"inetnum_02": "198.103.184.0/24",
"inetnum_03": "",
"inetnum_04": "",
"inetnum_05": "",
"inetnum_06": "",
"inetnum_07": "",
"inetnum_08": "",
"inetnum_09": "",
"inetnum_10": "",
"info": "",
"mnt_01": "",
"mnt_02": "",
"mnt_03": "",
"mnt_04": "",
"mnt_05": "",
"mnt_06": "",
"name": "",
"netcount_01": "65534",
"netcount_02": "254",
"netcount_03": "",
"netcount_04": "",
"netcount_05": "",
"netcount_06": "",
"netcount_07": "",
"netcount_08": "",
"netcount_09": "",
"netcount_10": "",
"netmask_01": "255.255.0.0",
"netmask_02": "255.255.255.0",
"netmask_03": "",
"netmask_04": "",
"netmask_05": "",
"netmask_06": "",
"netmask_07": "",
"netmask_08": "",
"netmask_09": "",
"netmask_10": "",
"netname_01": "NETBLK-CDAGOVN-C",
"netname_02": "GTIS-C1-184",
"nichdl_01": "NET-198-103-0-0-1",
"nichdl_02": "MALON53-ARIN",
"nichdl_03": "HOSTM227-ARIN",
"nichdl_04": "NET-198-103-184-0-1",
"nichdl_05": "",
"notes": "",
"nserver_01": "",
"nserver_02": "",
"nserver_03": "",
"nslastaa_01": "",
"nslastaa_02": "",
"organization_01": "Shared Services Canada ( SSC-299 )",
"organization_02": "Shared Services Canada ( GTIS )",
"organization_03": "",
"organization_04": "",
"organization_05": "",
"orgname_01": "Shared Services Canada",
"orgname_02": "Malone  James ",
"orgname_03": "Hostmaster",
"orgname_04": "",
"orgname_05": "",
"originas_01": "",
"originas_02": "",
"originas_03": "",
"originas_04": "",
"originas_05": "",
"originas_06": "",
"originas_07": "",
"originas_08": "",
"originas_09": "",
"originas_10": "",
"other_01": "Direct Allocation",
"other_02": "2014-08-21",
"other_03": "SSC-299",
"other_04": "2014-09-16",
"other_05": "2003-05-08",
"other_06": "GTIS",
"other_07": "2014-01-10",
"other_08": "",
"other_09": "",
"other_10": "",
"parent_01": "NET198 ( NET-198-0-0-0-0 )",
"parent_02": "NETBLK-CDAGOVN-C ( NET-198-103-0-0-1 )",
"parent_03": "",
"person_01": "",
"person_02": "",
"person_03": "",
"phone_01": "+1-613-947-7833 ",
"phone_02": "+1-613-947-6639 ",
"phone_03": "",
"postalcode_01": "K1G 4A8",
"postalcode_02": "K1A-0S5",
"ref_01: http": "//whois.arin.net/rest/net/NET-198-103-0-0-1",
"ref_02: http": "//whois.arin.net/rest/org/SSC-299",
"ref_03: http": "//whois.arin.net/rest/poc/MALON53-ARIN",
"ref_04: http": "//whois.arin.net/rest/poc/HOSTM227-ARIN",
"ref_05: http": "//whois.arin.net/rest/net/NET-198-103-184-0-1",
"ref_06: http": "//whois.arin.net/rest/org/GTIS",
"ref_07": "",
"ref_08": "",
"ref_09": "",
"ref_10": "",
"regdate_01": "1993-03-25",
"regdate_02": "2013-11-19",
"remarks_01": "",
"remarks_02": "",
"remarks_03": "",
"remarks_04": "",
"remarks_05": "",
"remarks_06": "",
"remarks_07": "",
"remarks_08": "",
"remarks_09": "",
"remarks_10": "",
"route_01": "",
"route_02": "",
"rwhois_01": "",
"rwhois_02": "",
"rwhois_03": "",
"rwhois_04": "",
"rwhois_05": "",
"source": "ARIN",
"state_01": "ON",
"state_02": "",
"updated_01": "",
"updated_02": "",
"updated_03": "",
"updated_at": "",
"w_address_01": "434 Queen Street",
"w_address_02": "PO Box 9808 STN T CSC",
"w_address_03": "Shared Services Canada",
"w_address_04": "350 KEDC",
"w_address_05": "",
"w_address_06": "",
"w_address_07": "",
"w_address_08": "",
"w_address_09": "",
"w_address_10": "",
}
