{
"abuse_01": "JJK11-ARIN",
"abuse_02": "Keller  James J",
"abuse_03": "+1-402-990-1317 ",
"abuse_04": "jim.keller@infosecdata.com",
"abuse_05: http": "//whois.arin.net/rest/poc/JJK11-ARIN",
"address": "199.27.192.0",
"changed_01": "",
"changed_02": "",
"changed_03": "",
"cidr_01": "199.27.192.0/22",
"cidr_02": "",
"city_01": "Omaha",
"city_02": "",
"comments_01: http": "//www.nttservices.com",
"comments_02": "",
"comments_03": "",
"comments_04": "",
"comments_05": "",
"comments_06": "",
"comments_07": "",
"comments_08": "",
"comments_09": "",
"comments_10": "",
"country_01": "US",
"country_02": "",
"created_at: 2015-07-07 20:22": "06 UTC",
"descr_01": "",
"descr_02": "",
"descr_03": "",
"descr_04": "",
"descr_05": "",
"descr_06": "",
"descr_07": "",
"descr_08": "",
"descr_09": "",
"descr_10": "",
"email_01": "metcalfe@ncsllc.us",
"email_02": "cpennewell@nttservices.com",
"email_03": "jim.keller@infosecdata.com",
"email_04": "todd@routesolve.com",
"email_05": "",
"email_06": "",
"email_07": "",
"email_08": "",
"email_09": "",
"email_10": "",
"fax_01": "",
"fax_02": "",
"fax_03": "",
"hostmax_01": "199.27.195.254",
"hostmax_02": "",
"hostmax_03": "",
"hostmax_04": "",
"hostmax_05": "",
"hostmax_06": "",
"hostmax_07": "",
"hostmax_08": "",
"hostmax_09": "",
"hostmax_10": "",
"hostmin_01": "199.27.192.1",
"hostmin_02": "",
"hostmin_03": "",
"hostmin_04": "",
"hostmin_05": "",
"hostmin_06": "",
"hostmin_07": "",
"hostmin_08": "",
"hostmin_09": "",
"hostmin_10": "",
"inetnum_01": "199.27.192.0/22",
"inetnum_02": "",
"inetnum_03": "",
"inetnum_04": "",
"inetnum_05": "",
"inetnum_06": "",
"inetnum_07": "",
"inetnum_08": "",
"inetnum_09": "",
"inetnum_10": "",
"info": "",
"mnt_01": "",
"mnt_02": "",
"mnt_03": "",
"mnt_04": "",
"mnt_05": "",
"mnt_06": "",
"name": "",
"netcount_01": "1022",
"netcount_02": "",
"netcount_03": "",
"netcount_04": "",
"netcount_05": "",
"netcount_06": "",
"netcount_07": "",
"netcount_08": "",
"netcount_09": "",
"netcount_10": "",
"netmask_01": "255.255.252.0",
"netmask_02": "",
"netmask_03": "",
"netmask_04": "",
"netmask_05": "",
"netmask_06": "",
"netmask_07": "",
"netmask_08": "",
"netmask_09": "",
"netmask_10": "",
"netname_01": "NTANDT",
"netname_02": "",
"nichdl_01": "NET-199-27-192-0-1",
"nichdl_02": "ADM309-ARIN",
"nichdl_03": "PENNE7-ARIN",
"nichdl_04": "JJK11-ARIN",
"nichdl_05": "RTW3-ARIN",
"notes": "",
"nserver_01": "",
"nserver_02": "",
"nserver_03": "",
"nslastaa_01": "",
"nslastaa_02": "",
"organization_01": "NT&T ( NEBRA-7 )",
"organization_02": "",
"organization_03": "",
"organization_04": "",
"organization_05": "",
"orgname_01": "NT&T",
"orgname_02": "Metcalfe  Andrew Dana",
"orgname_03": "Pennewell  Curtis ",
"orgname_04": "Keller  James J",
"orgname_05": "",
"originas_01": "AS22398",
"originas_02": "",
"originas_03": "",
"originas_04": "",
"originas_05": "",
"originas_06": "",
"originas_07": "",
"originas_08": "",
"originas_09": "",
"originas_10": "",
"other_01": "Direct Allocation",
"other_02": "2012-03-02",
"other_03": "NEBRA-7",
"other_04": "2013-05-22",
"other_05": "Metcalfe  Andrew Dana",
"other_06": "WIPFF  RANDELL TODD",
"other_07": "",
"other_08": "",
"other_09": "",
"other_10": "",
"parent_01": "NET199 ( NET-199-0-0-0-0 )",
"parent_02": "",
"parent_03": "",
"person_01": "",
"person_02": "",
"person_03": "",
"phone_01": "+1-402-397-6341 ",
"phone_02": "+1-402-397-7770 ",
"phone_03": "+1-402-990-1317 ",
"postalcode_01": "68130",
"postalcode_02": "",
"ref_01: http": "//whois.arin.net/rest/net/NET-199-27-192-0-1",
"ref_02: http": "//whois.arin.net/rest/org/NEBRA-7",
"ref_03: http": "//whois.arin.net/rest/poc/ADM309-ARIN",
"ref_04: http": "//whois.arin.net/rest/poc/PENNE7-ARIN",
"ref_05: http": "//whois.arin.net/rest/poc/JJK11-ARIN",
"ref_06: http": "//whois.arin.net/rest/poc/RTW3-ARIN",
"ref_07": "",
"ref_08": "",
"ref_09": "",
"ref_10": "",
"regdate_01": "2010-08-27",
"regdate_02": "2010-01-15",
"remarks_01": "",
"remarks_02": "",
"remarks_03": "",
"remarks_04": "",
"remarks_05": "",
"remarks_06": "",
"remarks_07": "",
"remarks_08": "",
"remarks_09": "",
"remarks_10": "",
"route_01": "",
"route_02": "",
"rwhois_01": "",
"rwhois_02": "",
"rwhois_03": "",
"rwhois_04": "",
"rwhois_05": "",
"source": "ARIN",
"state_01": "NE",
"state_02": "",
"updated_01": "",
"updated_02": "",
"updated_03": "",
"updated_at": "",
"w_address_01": "2308 S. 156th Circle",
"w_address_02": "",
"w_address_03": "",
"w_address_04": "",
"w_address_05": "",
"w_address_06": "",
"w_address_07": "",
"w_address_08": "",
"w_address_09": "",
"w_address_10": "",
}
