{
"abuse_01": "ABUSE1191-ARIN",
"abuse_02": "+1-303-414-6910 ",
"abuse_03": "abuse@wehostwebsites.com",
"abuse_04: http": "//whois.arin.net/rest/poc/ABUSE1191-ARIN",
"abuse_05": "",
"address": "23.239.192.0",
"changed_01": "",
"changed_02": "",
"changed_03": "",
"cidr_01": "23.239.192.0/19",
"cidr_02": "",
"city_01": "Denver",
"city_02": "",
"comments_01": "",
"comments_02": "",
"comments_03": "",
"comments_04": "",
"comments_05": "",
"comments_06": "",
"comments_07": "",
"comments_08": "",
"comments_09": "",
"comments_10": "",
"country_01": "US",
"country_02": "",
"created_at: 2015-07-07 20:22": "06 UTC",
"descr_01": "",
"descr_02": "",
"descr_03": "",
"descr_04": "",
"descr_05": "",
"descr_06": "",
"descr_07": "",
"descr_08": "",
"descr_09": "",
"descr_10": "",
"email_01": "abuse@wehostwebsites.com",
"email_02": "noc@wehostwebsites.com",
"email_03": "",
"email_04": "",
"email_05": "",
"email_06": "",
"email_07": "",
"email_08": "",
"email_09": "",
"email_10": "",
"fax_01": "",
"fax_02": "",
"fax_03": "",
"hostmax_01": "23.239.223.254",
"hostmax_02": "",
"hostmax_03": "",
"hostmax_04": "",
"hostmax_05": "",
"hostmax_06": "",
"hostmax_07": "",
"hostmax_08": "",
"hostmax_09": "",
"hostmax_10": "",
"hostmin_01": "23.239.192.1",
"hostmin_02": "",
"hostmin_03": "",
"hostmin_04": "",
"hostmin_05": "",
"hostmin_06": "",
"hostmin_07": "",
"hostmin_08": "",
"hostmin_09": "",
"hostmin_10": "",
"inetnum_01": "23.239.192.0/19",
"inetnum_02": "",
"inetnum_03": "",
"inetnum_04": "",
"inetnum_05": "",
"inetnum_06": "",
"inetnum_07": "",
"inetnum_08": "",
"inetnum_09": "",
"inetnum_10": "",
"info": "",
"mnt_01": "",
"mnt_02": "",
"mnt_03": "",
"mnt_04": "",
"mnt_05": "",
"mnt_06": "",
"name": "",
"netcount_01": "8190",
"netcount_02": "",
"netcount_03": "",
"netcount_04": "",
"netcount_05": "",
"netcount_06": "",
"netcount_07": "",
"netcount_08": "",
"netcount_09": "",
"netcount_10": "",
"netmask_01": "255.255.224.0",
"netmask_02": "",
"netmask_03": "",
"netmask_04": "",
"netmask_05": "",
"netmask_06": "",
"netmask_07": "",
"netmask_08": "",
"netmask_09": "",
"netmask_10": "",
"netname_01": "NET-WEHOST-8",
"netname_02": "",
"nichdl_01": "NET-23-239-192-0-1",
"nichdl_02": "ZZ4166-ARIN",
"nichdl_03": "",
"nichdl_04": "",
"nichdl_05": "",
"notes": "",
"nserver_01": "",
"nserver_02": "",
"nserver_03": "",
"nslastaa_01": "",
"nslastaa_02": "",
"organization_01": "WeHostWebSites.com ( WEHOST-1 )",
"organization_02": "",
"organization_03": "",
"organization_04": "",
"organization_05": "",
"orgname_01": "WeHostWebSites.com",
"orgname_02": "operations  network ",
"orgname_03": "",
"orgname_04": "",
"orgname_05": "",
"originas_01": "AS30475",
"originas_02": "",
"originas_03": "",
"originas_04": "",
"originas_05": "",
"originas_06": "",
"originas_07": "",
"originas_08": "",
"originas_09": "",
"originas_10": "",
"other_01": "Direct Allocation",
"other_02": "2013-11-04",
"other_03": "WEHOST-1",
"other_04": "2009-08-13",
"other_05": "",
"other_06": "",
"other_07": "",
"other_08": "",
"other_09": "",
"other_10": "",
"parent_01": "NET23 ( NET-23-0-0-0-0 )",
"parent_02": "",
"parent_03": "",
"person_01": "",
"person_02": "",
"person_03": "",
"phone_01": "+1-303-414-6910 ",
"phone_02": "",
"phone_03": "",
"postalcode_01": "80202",
"postalcode_02": "",
"ref_01: http": "//whois.arin.net/rest/net/NET-23-239-192-0-1",
"ref_02: http": "//whois.arin.net/rest/org/WEHOST-1",
"ref_03: http": "//whois.arin.net/rest/poc/ZZ4166-ARIN",
"ref_04": "",
"ref_05": "",
"ref_06": "",
"ref_07": "",
"ref_08": "",
"ref_09": "",
"ref_10": "",
"regdate_01": "2013-11-04",
"regdate_02": "2002-04-17",
"remarks_01": "",
"remarks_02": "",
"remarks_03": "",
"remarks_04": "",
"remarks_05": "",
"remarks_06": "",
"remarks_07": "",
"remarks_08": "",
"remarks_09": "",
"remarks_10": "",
"route_01": "",
"route_02": "",
"rwhois_01: rwhois.wehostwebsites.com": "4321",
"rwhois_02: rwhois.wehostwebsites.com": "4321.",
"rwhois_03": "rwhois.wehostwebsites.com ( by Network Solutions  Inc. V-1.5.9.5 )",
"rwhois_04: root.rwhois.net:4321/autharea": ".",
"rwhois_05": "",
"source": "ARIN",
"state_01": "CO",
"state_02": "",
"updated_01": "",
"updated_02": "",
"updated_03": "",
"updated_at": "",
"w_address_01": "1801 California Street",
"w_address_02": "Suite 240",
"w_address_03": "",
"w_address_04": "",
"w_address_05": "",
"w_address_06": "",
"w_address_07": "",
"w_address_08": "",
"w_address_09": "",
"w_address_10": "",
}
