{
"abuse_01": "ABUSE10-ARIN",
"abuse_02": "+1-703-345-3416 ",
"abuse_03": "abuse@rr.com",
"abuse_04: http": "//whois.arin.net/rest/poc/ABUSE10-ARIN",
"abuse_05": "",
"address": "24.73.238.198",
"changed_01": "",
"changed_02": "",
"changed_03": "",
"cidr_01": "24.73.0.0/16",
"cidr_02": "",
"city_01": "Herndon",
"city_02": "",
"comments_01": "ADDRESSES WITHIN THIS BLOCK ARE NON-PORTABLE",
"comments_02": "Allocations for this OrgID serve Road Runner commercial customers out of the Austin  TX and Tampa Bay  FL RDCs.",
"comments_03": "",
"comments_04": "",
"comments_05": "",
"comments_06": "",
"comments_07": "",
"comments_08": "",
"comments_09": "",
"comments_10": "",
"country_01": "US",
"country_02": "",
"created_at: 2015-07-07 20:22": "06 UTC",
"descr_01": "",
"descr_02": "",
"descr_03": "",
"descr_04": "",
"descr_05": "",
"descr_06": "",
"descr_07": "",
"descr_08": "",
"descr_09": "",
"descr_10": "",
"email_01": "abuse@rr.com",
"email_02": "ipaddreg@rr.com",
"email_03": "",
"email_04": "",
"email_05": "",
"email_06": "",
"email_07": "",
"email_08": "",
"email_09": "",
"email_10": "",
"fax_01": "",
"fax_02": "",
"fax_03": "",
"hostmax_01": "24.73.255.254",
"hostmax_02": "24.73.239.254",
"hostmax_03": "24.73.238.198",
"hostmax_04": "",
"hostmax_05": "",
"hostmax_06": "",
"hostmax_07": "",
"hostmax_08": "",
"hostmax_09": "",
"hostmax_10": "",
"hostmin_01": "24.73.0.1",
"hostmin_02": "24.73.224.1",
"hostmin_03": "24.73.238.193",
"hostmin_04": "",
"hostmin_05": "",
"hostmin_06": "",
"hostmin_07": "",
"hostmin_08": "",
"hostmin_09": "",
"hostmin_10": "",
"inetnum_01": "24.73.0.0/16",
"inetnum_02": "24.73.224.0/20",
"inetnum_03": "24.73.238.192/29",
"inetnum_04": "",
"inetnum_05": "",
"inetnum_06": "",
"inetnum_07": "",
"inetnum_08": "",
"inetnum_09": "",
"inetnum_10": "",
"info": "",
"mnt_01": "",
"mnt_02": "",
"mnt_03": "",
"mnt_04": "",
"mnt_05": "",
"mnt_06": "",
"name": "",
"netcount_01": "65534",
"netcount_02": "4094",
"netcount_03": "6",
"netcount_04": "",
"netcount_05": "",
"netcount_06": "",
"netcount_07": "",
"netcount_08": "",
"netcount_09": "",
"netcount_10": "",
"netmask_01": "255.255.0.0",
"netmask_02": "255.255.240.0",
"netmask_03": "255.255.255.248",
"netmask_04": "",
"netmask_05": "",
"netmask_06": "",
"netmask_07": "",
"netmask_08": "",
"netmask_09": "",
"netmask_10": "",
"netname_01": "RR-COMM-SOUTHEAST",
"netname_02": "",
"nichdl_01": "NET-24-73-0-0-1",
"nichdl_02": "IPTEC-ARIN",
"nichdl_03": "",
"nichdl_04": "",
"nichdl_05": "",
"notes": "",
"nserver_01": "",
"nserver_02": "",
"nserver_03": "",
"nslastaa_01": "",
"nslastaa_02": "",
"organization_01": "Time Warner Cable Internet LLC ( RCSW )",
"organization_02": "",
"organization_03": "",
"organization_04": "",
"organization_05": "",
"orgname_01": "Time Warner Cable Internet LLC",
"orgname_02": "IP Tech",
"orgname_03": "Road Runner Commercial",
"orgname_04": "Holiday Inn Express",
"orgname_05": "organization",
"originas_01": "",
"originas_02": "",
"originas_03": "",
"originas_04": "",
"originas_05": "",
"originas_06": "",
"originas_07": "",
"originas_08": "",
"originas_09": "",
"originas_10": "",
"other_01": "Direct Allocation",
"other_02": "2012-02-24",
"other_03": "RCSW",
"other_04": "2013-04-24",
"other_05": "NETBLK-ISRC-24.73.224.0-20",
"other_06": "24.73.224.0/20",
"other_07": "ipaddreg@rr.com",
"other_08": "57",
"other_09": "IPADD-ARIN",
"other_10": "24.73.224.0 - 24.73.239.255",
"parent_01": "NET24 ( NET-24-0-0-0-0 )",
"parent_02": "",
"parent_03": "",
"person_01": "",
"person_02": "",
"person_03": "",
"phone_01": "+1-703-345-3416 ",
"phone_02": "703-345-3151",
"phone_03": "407-239-8400",
"postalcode_01": "20171",
"postalcode_02": "32836-64",
"ref_01: http": "//whois.arin.net/rest/net/NET-24-73-0-0-1",
"ref_02: http": "//whois.arin.net/rest/org/RCSW",
"ref_03: http": "//whois.arin.net/rest/poc/IPTEC-ARIN",
"ref_04": "",
"ref_05": "",
"ref_06": "",
"ref_07": "",
"ref_08": "",
"ref_09": "",
"ref_10": "",
"regdate_01": "2001-09-26",
"regdate_02": "2001-09-07",
"remarks_01": "",
"remarks_02": "",
"remarks_03": "",
"remarks_04": "",
"remarks_05": "",
"remarks_06": "",
"remarks_07": "",
"remarks_08": "",
"remarks_09": "",
"remarks_10": "",
"route_01": "",
"route_02": "",
"rwhois_01: ipmt.rr.com": "4321",
"rwhois_02: ipmt.rr.com": "4321.",
"rwhois_03": "ipmt.rr.com ( by Time Warner Cable  Inc. V-1.0 )",
"rwhois_04": "",
"rwhois_05": "",
"source": "ARIN",
"state_01": "VA",
"state_02": "FL",
"updated_01": "",
"updated_02": "",
"updated_03": "",
"updated_at": "",
"w_address_01": "13820 Sunrise Valley Drive",
"w_address_02": "8686 PALM PKWY",
"w_address_03": "",
"w_address_04": "",
"w_address_05": "",
"w_address_06": "",
"w_address_07": "",
"w_address_08": "",
"w_address_09": "",
"w_address_10": "",
}
