{
"abuse_01": "ABUSE959-ARIN",
"abuse_02": "Steadfast Networks Abuse Department",
"abuse_03": "+1-312-602-2689 ",
"abuse_04": "abuse@steadfast.net",
"abuse_05: http": "//whois.arin.net/rest/poc/ABUSE959-ARIN",
"address": "50.31.0.0",
"changed_01": "",
"changed_02": "",
"changed_03": "",
"cidr_01": "50.31.0.0/17",
"cidr_02": "",
"city_01": "Chicago",
"city_02": "",
"comments_01": "Please submit all reports of abuse to",
"comments_02": "abuse@steadfast.net. Reports sent to",
"comments_03": "other addresses will not be processed.",
"comments_04": "",
"comments_05": "",
"comments_06": "",
"comments_07": "",
"comments_08": "",
"comments_09": "",
"comments_10": "",
"country_01": "US",
"country_02": "",
"created_at: 2015-07-07 20:22": "06 UTC",
"descr_01": "",
"descr_02": "",
"descr_03": "",
"descr_04": "",
"descr_05": "",
"descr_06": "",
"descr_07": "",
"descr_08": "",
"descr_09": "",
"descr_10": "",
"email_01": "abuse@steadfast.net.",
"email_02": "abuse@steadfast.net",
"email_03": "noc@steadfast.net",
"email_04": "",
"email_05": "",
"email_06": "",
"email_07": "",
"email_08": "",
"email_09": "",
"email_10": "",
"fax_01": "",
"fax_02": "",
"fax_03": "",
"hostmax_01": "50.31.127.254",
"hostmax_02": "50.31.7.254",
"hostmax_03": "",
"hostmax_04": "",
"hostmax_05": "",
"hostmax_06": "",
"hostmax_07": "",
"hostmax_08": "",
"hostmax_09": "",
"hostmax_10": "",
"hostmin_01": "50.31.0.1",
"hostmin_02": "50.31.0.1",
"hostmin_03": "",
"hostmin_04": "",
"hostmin_05": "",
"hostmin_06": "",
"hostmin_07": "",
"hostmin_08": "",
"hostmin_09": "",
"hostmin_10": "",
"inetnum_01": "50.31.0.0/17",
"inetnum_02": "50.31.0.0/21",
"inetnum_03": "",
"inetnum_04": "",
"inetnum_05": "",
"inetnum_06": "",
"inetnum_07": "",
"inetnum_08": "",
"inetnum_09": "",
"inetnum_10": "",
"info": "",
"mnt_01": "",
"mnt_02": "",
"mnt_03": "",
"mnt_04": "",
"mnt_05": "",
"mnt_06": "",
"name": "",
"netcount_01": "32766",
"netcount_02": "2046",
"netcount_03": "",
"netcount_04": "",
"netcount_05": "",
"netcount_06": "",
"netcount_07": "",
"netcount_08": "",
"netcount_09": "",
"netcount_10": "",
"netmask_01": "255.255.128.0",
"netmask_02": "255.255.248.0",
"netmask_03": "",
"netmask_04": "",
"netmask_05": "",
"netmask_06": "",
"netmask_07": "",
"netmask_08": "",
"netmask_09": "",
"netmask_10": "",
"netname_01": "STEADFAST-6",
"netname_02": "",
"nichdl_01": "NET-50-31-0-0-1",
"nichdl_02": "NOG3-ARIN",
"nichdl_03": "",
"nichdl_04": "",
"nichdl_05": "",
"notes": "",
"nserver_01": "",
"nserver_02": "",
"nserver_03": "",
"nslastaa_01": "",
"nslastaa_02": "",
"organization_01": "Steadfast Networks ( NOZON )",
"organization_02": "",
"organization_03": "",
"organization_04": "",
"organization_05": "",
"orgname_01": "Steadfast Networks",
"orgname_02": "Steadfast Networks Network Operations Center",
"orgname_03": "Steadfast - Production",
"orgname_04": "",
"orgname_05": "",
"originas_01": "AS32748",
"originas_02": "",
"originas_03": "",
"originas_04": "",
"originas_05": "",
"originas_06": "",
"originas_07": "",
"originas_08": "",
"originas_09": "",
"originas_10": "",
"other_01": "Direct Allocation",
"other_02": "2012-03-12",
"other_03": "NOZON",
"other_04": "Steadfast Networks Network Operations Center",
"other_05": "50.31.0.0/17",
"other_06": "NET-16195.50.31.0.0/21",
"other_07": "Steadfast Cloud Platform Customers",
"other_08": "50.31.0.0/21",
"other_09": "50.31.0.0 - 50.31.7.255",
"other_10": "MAINT-16195.50.31.0.0/21",
"parent_01": "NET50 ( NET-50-0-0-0-0 )",
"parent_02": "",
"parent_03": "",
"person_01": "",
"person_02": "",
"person_03": "",
"phone_01": "+1-312-602-2689 ",
"phone_02": "+1-312-602-2689",
"phone_03": "",
"postalcode_01": "60607",
"postalcode_02": "",
"ref_01: http": "//whois.arin.net/rest/net/NET-50-31-0-0-1",
"ref_02: http": "//whois.arin.net/rest/org/NOZON",
"ref_03: http": "//whois.arin.net/rest/poc/NOG3-ARIN",
"ref_04": "",
"ref_05": "",
"ref_06": "",
"ref_07": "",
"ref_08": "",
"ref_09": "",
"ref_10": "",
"regdate_01": "2011-02-02",
"regdate_02": "2004-05-21",
"remarks_01": "",
"remarks_02": "",
"remarks_03": "",
"remarks_04": "",
"remarks_05": "",
"remarks_06": "",
"remarks_07": "",
"remarks_08": "",
"remarks_09": "",
"remarks_10": "",
"route_01": "",
"route_02": "",
"rwhois_01: rwhois.steadfast.net": "4321",
"rwhois_02: rwhois.steadfast.net": "4321.",
"rwhois_03": "manage.steadfast.net ( Ubersmith RWhois Server V-3.1.4 )",
"rwhois_04": "",
"rwhois_05": "",
"source": "ARIN",
"state_01": "IL",
"state_02": "",
"updated_01": "",
"updated_02": "",
"updated_03": "",
"updated_at": "",
"w_address_01": "725 S Wells St.",
"w_address_02": "8th Floor",
"w_address_03": "725 S Wells St.  8th Floor",
"w_address_04": "",
"w_address_05": "",
"w_address_06": "",
"w_address_07": "",
"w_address_08": "",
"w_address_09": "",
"w_address_10": "",
}
