{
"abuse_01": "SYSTE21-ARIN",
"abuse_02": "Network Availability",
"abuse_03": "+1-407-741-0500 ",
"abuse_04": "abuse@centurylinkservices.net",
"abuse_05: http": "//whois.arin.net/rest/poc/SYSTE21-ARIN",
"address": "64.91.118.225",
"changed_01": "",
"changed_02": "",
"changed_03": "",
"cidr_01": "64.91.118.224/28",
"cidr_02": "64.91.0.0/17",
"city_01": "Kalispell",
"city_02": "Monroe",
"comments_01": "ADDRESSES WITHIN THIS BLOCK ARE NON-PORTABLE",
"comments_02": "",
"comments_03": "",
"comments_04": "",
"comments_05": "",
"comments_06": "",
"comments_07": "",
"comments_08": "",
"comments_09": "",
"comments_10": "",
"country_01": "US",
"country_02": "",
"created_at: 2015-07-07 20:22": "06 UTC",
"descr_01": "",
"descr_02": "",
"descr_03": "",
"descr_04": "",
"descr_05": "",
"descr_06": "",
"descr_07": "",
"descr_08": "",
"descr_09": "",
"descr_10": "",
"email_01": "ipsupport@centurylinkservices.net",
"email_02": "abuse@centurylinkservices.net",
"email_03": "",
"email_04": "",
"email_05": "",
"email_06": "",
"email_07": "",
"email_08": "",
"email_09": "",
"email_10": "",
"fax_01": "",
"fax_02": "",
"fax_03": "",
"hostmax_01": "64.91.118.238",
"hostmax_02": "64.91.127.254",
"hostmax_03": "",
"hostmax_04": "",
"hostmax_05": "",
"hostmax_06": "",
"hostmax_07": "",
"hostmax_08": "",
"hostmax_09": "",
"hostmax_10": "",
"hostmin_01": "64.91.118.225",
"hostmin_02": "64.91.0.1",
"hostmin_03": "",
"hostmin_04": "",
"hostmin_05": "",
"hostmin_06": "",
"hostmin_07": "",
"hostmin_08": "",
"hostmin_09": "",
"hostmin_10": "",
"inetnum_01": "64.91.118.224/28",
"inetnum_02": "64.91.0.0/17",
"inetnum_03": "",
"inetnum_04": "",
"inetnum_05": "",
"inetnum_06": "",
"inetnum_07": "",
"inetnum_08": "",
"inetnum_09": "",
"inetnum_10": "",
"info": "",
"mnt_01": "",
"mnt_02": "",
"mnt_03": "",
"mnt_04": "",
"mnt_05": "",
"mnt_06": "",
"name": "",
"netcount_01": "14",
"netcount_02": "32766",
"netcount_03": "",
"netcount_04": "",
"netcount_05": "",
"netcount_06": "",
"netcount_07": "",
"netcount_08": "",
"netcount_09": "",
"netcount_10": "",
"netmask_01": "255.255.255.240",
"netmask_02": "255.255.128.0",
"netmask_03": "",
"netmask_04": "",
"netmask_05": "",
"netmask_06": "",
"netmask_07": "",
"netmask_08": "",
"netmask_09": "",
"netmask_10": "",
"netname_01": "CTEL-BHG-KALISPELL-LLC",
"netname_02": "CENTURYTEL-NETBLOCK1",
"nichdl_01": "NET-64-91-118-224-1",
"nichdl_02": "NA397-ORG-ARIN",
"nichdl_03": "NET-64-91-0-0-1",
"nichdl_04": "",
"nichdl_05": "",
"notes": "",
"nserver_01": "",
"nserver_02": "",
"nserver_03": "",
"nslastaa_01": "",
"nslastaa_02": "",
"organization_01": "CenturyTel Internet Holdings  Inc. ( CIH-12 )",
"organization_02": "",
"organization_03": "",
"organization_04": "",
"organization_05": "",
"orgname_01": "Network Availability",
"orgname_02": "CenturyTel Internet Holdings  Inc.",
"orgname_03": "",
"orgname_04": "",
"orgname_05": "",
"originas_01": "",
"originas_02": "",
"originas_03": "",
"originas_04": "",
"originas_05": "",
"originas_06": "",
"originas_07": "",
"originas_08": "",
"originas_09": "",
"originas_10": "",
"other_01": "BHG KALISPELL  LLC ( C01386203 )",
"other_02": "2006-06-22",
"other_03": "BHG KALISPELL  LLC",
"other_04": "2011-03-19",
"other_05": "Direct Allocation",
"other_06": "2012-03-02",
"other_07": "CIH-12",
"other_08": "2010-07-29",
"other_09": "",
"other_10": "",
"parent_01": "CENTURYTEL-NETBLOCK1 ( NET-64-91-0-0-1 )",
"parent_02": "NET64 ( NET-64-0-0-0-0 )",
"parent_03": "",
"person_01": "",
"person_02": "",
"person_03": "",
"phone_01": "+1-800-809-1410 ",
"phone_02": "",
"phone_03": "",
"postalcode_01": "59901",
"postalcode_02": "71201",
"ref_01: http": "//whois.arin.net/rest/net/NET-64-91-118-224-1",
"ref_02: http": "//whois.arin.net/rest/customer/C01386203",
"ref_03: http": "//whois.arin.net/rest/poc/NA397-ORG-ARIN",
"ref_04: http": "//whois.arin.net/rest/net/NET-64-91-0-0-1",
"ref_05: http": "//whois.arin.net/rest/org/CIH-12",
"ref_06": "",
"ref_07": "",
"ref_08": "",
"ref_09": "",
"ref_10": "",
"regdate_01": "2006-06-22",
"regdate_02": "2000-05-12",
"remarks_01": "",
"remarks_02": "",
"remarks_03": "",
"remarks_04": "",
"remarks_05": "",
"remarks_06": "",
"remarks_07": "",
"remarks_08": "",
"remarks_09": "",
"remarks_10": "",
"route_01": "",
"route_02": "",
"rwhois_01": "",
"rwhois_02": "",
"rwhois_03": "",
"rwhois_04": "",
"rwhois_05": "",
"source": "ARIN",
"state_01": "MT",
"state_02": "LA",
"updated_01": "",
"updated_02": "",
"updated_03": "",
"updated_at": "",
"w_address_01": "1330 US HIGHWAY 2 W",
"w_address_02": "100 CenturyTel Drive",
"w_address_03": "",
"w_address_04": "",
"w_address_05": "",
"w_address_06": "",
"w_address_07": "",
"w_address_08": "",
"w_address_09": "",
"w_address_10": "",
}
