{
"abuse_01": "ABUSE3-ARIN",
"abuse_02": "+1-800-900-0241 ",
"abuse_03": "abuse-mail@verizonbusiness.com",
"abuse_04: http": "//whois.arin.net/rest/poc/ABUSE3-ARIN",
"abuse_05": "",
"address": "65.208.151.112",
"changed_01": "",
"changed_02": "",
"changed_03": "",
"cidr_01": "65.208.151.112/29",
"cidr_02": "65.192.0.0/11",
"city_01": "MOUNTAIN VIEW",
"city_02": "Ashburn",
"comments_01": "Addresses within this block are non-portable.",
"comments_02": "ADDRESSES WITHIN THIS BLOCK ARE NON-PORTABLE",
"comments_03": "",
"comments_04": "",
"comments_05": "",
"comments_06": "",
"comments_07": "",
"comments_08": "",
"comments_09": "",
"comments_10": "",
"country_01": "US",
"country_02": "",
"created_at: 2015-07-07 20:22": "06 UTC",
"descr_01": "",
"descr_02": "",
"descr_03": "",
"descr_04": "",
"descr_05": "",
"descr_06": "",
"descr_07": "",
"descr_08": "",
"descr_09": "",
"descr_10": "",
"email_01": "help4u@verizonbusiness.com",
"email_02": "abuse-mail@verizonbusiness.com",
"email_03": "swipper@verizon.com",
"email_04": "swipper@verizonbusiness.com",
"email_05": "",
"email_06": "",
"email_07": "",
"email_08": "",
"email_09": "",
"email_10": "",
"fax_01": "",
"fax_02": "",
"fax_03": "",
"hostmax_01": "65.208.151.118",
"hostmax_02": "65.223.255.254",
"hostmax_03": "",
"hostmax_04": "",
"hostmax_05": "",
"hostmax_06": "",
"hostmax_07": "",
"hostmax_08": "",
"hostmax_09": "",
"hostmax_10": "",
"hostmin_01": "65.208.151.113",
"hostmin_02": "65.192.0.1",
"hostmin_03": "",
"hostmin_04": "",
"hostmin_05": "",
"hostmin_06": "",
"hostmin_07": "",
"hostmin_08": "",
"hostmin_09": "",
"hostmin_10": "",
"inetnum_01": "65.208.151.112/29",
"inetnum_02": "65.192.0.0/11",
"inetnum_03": "",
"inetnum_04": "",
"inetnum_05": "",
"inetnum_06": "",
"inetnum_07": "",
"inetnum_08": "",
"inetnum_09": "",
"inetnum_10": "",
"info": "",
"mnt_01": "",
"mnt_02": "",
"mnt_03": "",
"mnt_04": "",
"mnt_05": "",
"mnt_06": "",
"name": "",
"netcount_01": "6",
"netcount_02": "2097150",
"netcount_03": "",
"netcount_04": "",
"netcount_05": "",
"netcount_06": "",
"netcount_07": "",
"netcount_08": "",
"netcount_09": "",
"netcount_10": "",
"netmask_01": "255.255.255.248",
"netmask_02": "255.224.0.0",
"netmask_03": "",
"netmask_04": "",
"netmask_05": "",
"netmask_06": "",
"netmask_07": "",
"netmask_08": "",
"netmask_09": "",
"netmask_10": "",
"netname_01": "UU-65-208-151-112-D1",
"netname_02": "UUNET65",
"nichdl_01": "NET-65-208-151-112-1",
"nichdl_02": "OA12-ARIN",
"nichdl_03": "SWIPP9-ARIN",
"nichdl_04": "SWIPP-ARIN",
"nichdl_05": "NET-65-192-0-0-1",
"notes": "",
"nserver_01": "",
"nserver_02": "",
"nserver_03": "",
"nslastaa_01": "",
"nslastaa_02": "",
"organization_01": "MCI Communications Services  Inc. d/b/a Verizon Business ( MCICS )",
"organization_02": "",
"organization_03": "",
"organization_04": "",
"organization_05": "",
"orgname_01": "UUnet Technologies  Inc.  Technologies ",
"orgname_02": "SWIPPER",
"orgname_03": "swipper",
"orgname_04": "MCI Communications Services  Inc. d/b/a Verizon Business",
"orgname_05": "",
"originas_01": "",
"originas_02": "",
"originas_03": "",
"originas_04": "",
"originas_05": "",
"originas_06": "",
"originas_07": "",
"originas_08": "",
"originas_09": "",
"originas_10": "",
"other_01": "Kintiskton LLC ( C02002451 )",
"other_02": "2008-07-30",
"other_03": "Kintiskton LLC",
"other_04": "2011-03-19",
"other_05": "UUnet Technologies  Inc.  Technologies ",
"other_06": "Direct Allocation",
"other_07": "2012-03-20",
"other_08": "MCICS",
"other_09": "2014-06-23",
"other_10": "",
"parent_01": "UUNET65 ( NET-65-192-0-0-1 )",
"parent_02": "NET65 ( NET-65-0-0-0-0 )",
"parent_03": "",
"person_01": "",
"person_02": "",
"person_03": "",
"phone_01": "+1-800-900-0241 ",
"phone_02": "",
"phone_03": "",
"postalcode_01": "94037-7360",
"postalcode_02": "20147",
"ref_01: http": "//whois.arin.net/rest/net/NET-65-208-151-112-1",
"ref_02: http": "//whois.arin.net/rest/customer/C02002451",
"ref_03: http": "//whois.arin.net/rest/poc/OA12-ARIN",
"ref_04: http": "//whois.arin.net/rest/poc/SWIPP9-ARIN",
"ref_05: http": "//whois.arin.net/rest/poc/SWIPP-ARIN",
"ref_06: http": "//whois.arin.net/rest/net/NET-65-192-0-0-1",
"ref_07: http": "//whois.arin.net/rest/org/MCICS",
"ref_08": "",
"ref_09": "",
"ref_10": "",
"regdate_01": "2008-07-30",
"regdate_02": "2000-10-27",
"remarks_01": "",
"remarks_02": "",
"remarks_03": "",
"remarks_04": "",
"remarks_05": "",
"remarks_06": "",
"remarks_07": "",
"remarks_08": "",
"remarks_09": "",
"remarks_10": "",
"route_01": "",
"route_02": "",
"rwhois_01": "",
"rwhois_02": "",
"rwhois_03": "",
"rwhois_04": "",
"rwhois_05": "",
"source": "ARIN",
"state_01": "CA",
"state_02": "VA",
"updated_01": "",
"updated_02": "",
"updated_03": "",
"updated_at": "",
"w_address_01": "PO BOX 7360",
"w_address_02": "22001 Loudoun County Pkwy",
"w_address_03": "",
"w_address_04": "",
"w_address_05": "",
"w_address_06": "",
"w_address_07": "",
"w_address_08": "",
"w_address_09": "",
"w_address_10": "",
}
