{
"abuse_01": "LB894-ARIN",
"abuse_02": "Bensonoff  Leon ",
"abuse_03": "+1-813-839-9000 ",
"abuse_04": "bensonoff@webmasters.com",
"abuse_05: http": "//whois.arin.net/rest/poc/LB894-ARIN",
"address": "66.118.156.0",
"changed_01": "",
"changed_02": "",
"changed_03": "",
"cidr_01": "66.118.156.0/23",
"cidr_02": "66.118.128.0/18",
"city_01": "Tampa",
"city_02": "",
"comments_01": "ADDRESSES WITHIN THIS BLOCK ARE NON-PORTABLE",
"comments_02": "",
"comments_03": "",
"comments_04": "",
"comments_05": "",
"comments_06": "",
"comments_07": "",
"comments_08": "",
"comments_09": "",
"comments_10": "",
"country_01": "US",
"country_02": "",
"created_at: 2015-07-07 20:22": "06 UTC",
"descr_01": "",
"descr_02": "",
"descr_03": "",
"descr_04": "",
"descr_05": "",
"descr_06": "",
"descr_07": "",
"descr_08": "",
"descr_09": "",
"descr_10": "",
"email_01": "bensonoff@webmasters.com",
"email_02": "support@sagonet.com",
"email_03": "abuse@sagonet.com",
"email_04": "ipadmin@sagonet.com",
"email_05": "ipengineering@sagonet.com",
"email_06": "",
"email_07": "",
"email_08": "",
"email_09": "",
"email_10": "",
"fax_01": "",
"fax_02": "",
"fax_03": "",
"hostmax_01": "66.118.157.254",
"hostmax_02": "66.118.191.254",
"hostmax_03": "66.118.156.254",
"hostmax_04": "",
"hostmax_05": "",
"hostmax_06": "",
"hostmax_07": "",
"hostmax_08": "",
"hostmax_09": "",
"hostmax_10": "",
"hostmin_01": "66.118.156.1",
"hostmin_02": "66.118.128.1",
"hostmin_03": "66.118.156.1",
"hostmin_04": "",
"hostmin_05": "",
"hostmin_06": "",
"hostmin_07": "",
"hostmin_08": "",
"hostmin_09": "",
"hostmin_10": "",
"inetnum_01": "66.118.156.0/23",
"inetnum_02": "66.118.128.0/18",
"inetnum_03": "66.118.156.0/24",
"inetnum_04": "",
"inetnum_05": "",
"inetnum_06": "",
"inetnum_07": "",
"inetnum_08": "",
"inetnum_09": "",
"inetnum_10": "",
"info": "",
"mnt_01": "",
"mnt_02": "",
"mnt_03": "",
"mnt_04": "",
"mnt_05": "",
"mnt_06": "",
"name": "",
"netcount_01": "510",
"netcount_02": "16382",
"netcount_03": "254",
"netcount_04": "",
"netcount_05": "",
"netcount_06": "",
"netcount_07": "",
"netcount_08": "",
"netcount_09": "",
"netcount_10": "",
"netmask_01": "255.255.254.0",
"netmask_02": "255.255.192.0",
"netmask_03": "255.255.255.0",
"netmask_04": "",
"netmask_05": "",
"netmask_06": "",
"netmask_07": "",
"netmask_08": "",
"netmask_09": "",
"netmask_10": "",
"netname_01": "WEBMASTERS-20020618",
"netname_02": "SAGONET-IPV4-1",
"nichdl_01": "NET-66-118-156-0-1",
"nichdl_02": "LB894-ARIN",
"nichdl_03": "NET-66-118-128-0-1",
"nichdl_04": "TECHN20-ARIN",
"nichdl_05": "ZS203-ARIN",
"notes": "",
"nserver_01": "",
"nserver_02": "",
"nserver_03": "",
"nslastaa_01": "",
"nslastaa_02": "",
"organization_01": "NetTuner Corporation ( Webmasters.com ) ( NCW )",
"organization_02": "Sago Networks ( SAGO )",
"organization_03": "",
"organization_04": "",
"organization_05": "",
"orgname_01": "NetTuner Corporation ( Webmasters.com )",
"orgname_02": "Bensonoff  Leon ",
"orgname_03": "Sago Networks",
"orgname_04": "Technical Support",
"orgname_05": "FlowersPro",
"originas_01": "",
"originas_02": "",
"originas_03": "",
"originas_04": "",
"originas_05": "",
"originas_06": "",
"originas_07": "",
"originas_08": "",
"originas_09": "",
"originas_10": "",
"other_01": "2002-06-19",
"other_02": "NCW",
"other_03": "2011-09-24",
"other_04": "Bensonoff  Leon ",
"other_05": "Direct Allocation",
"other_06": "2012-03-20",
"other_07": "SAGO",
"other_08": "2008-10-04",
"other_09": "66.118.156.0/24",
"other_10": "NET-48721.66.118.156.0/24",
"parent_01": "SAGONET-IPV4-1 ( NET-66-118-128-0-1 )",
"parent_02": "NET66 ( NET-66-0-0-0-0 )",
"parent_03": "",
"person_01": "",
"person_02": "",
"person_03": "",
"phone_01": "+1-813-839-9000 ",
"phone_02": "+1-866-366-3640 ",
"phone_03": "866.366.3640",
"postalcode_01": "33629",
"postalcode_02": "33611",
"ref_01: http": "//whois.arin.net/rest/net/NET-66-118-156-0-1",
"ref_02: http": "//whois.arin.net/rest/org/NCW",
"ref_03: http": "//whois.arin.net/rest/poc/LB894-ARIN",
"ref_04: http": "//whois.arin.net/rest/net/NET-66-118-128-0-1",
"ref_05: http": "//whois.arin.net/rest/org/SAGO",
"ref_06: http": "//whois.arin.net/rest/poc/TECHN20-ARIN",
"ref_07: http": "//whois.arin.net/rest/poc/ZS203-ARIN",
"ref_08": "",
"ref_09": "",
"ref_10": "",
"regdate_01": "2002-06-19",
"regdate_02": "2001-06-05",
"remarks_01": "",
"remarks_02": "",
"remarks_03": "",
"remarks_04": "",
"remarks_05": "",
"remarks_06": "",
"remarks_07": "",
"remarks_08": "",
"remarks_09": "",
"remarks_10": "",
"route_01": "",
"route_02": "",
"rwhois_01: 66.111.32.90": "4321",
"rwhois_02: 66.111.32.90": "4321.",
"rwhois_03": "portal.sagonet.com ( Ubersmith RWhois Server V-2.3.0 )",
"rwhois_04": "",
"rwhois_05": "",
"source": "ARIN",
"state_01": "FL",
"state_02": "",
"updated_01": "",
"updated_02": "",
"updated_03": "",
"updated_at": "",
"w_address_01": "3003 West Stovall Street",
"w_address_02": "4465 W. Gandy Blvd",
"w_address_03": "STE 800",
"w_address_04": "",
"w_address_05": "",
"w_address_06": "",
"w_address_07": "",
"w_address_08": "",
"w_address_09": "",
"w_address_10": "",
}
