{
"abuse_01": "ISPRI1-ARIN",
"abuse_02": "ISPrime Abuse",
"abuse_03": "+1-212-812-9028 ",
"abuse_04": "abuse@isprime.com",
"abuse_05: http": "//whois.arin.net/rest/poc/ISPRI1-ARIN",
"address": "66.230.128.0",
"changed_01": "",
"changed_02": "",
"changed_03": "",
"cidr_01": "66.230.128.0/18",
"cidr_02": "",
"city_01": "Weehawken",
"city_02": "",
"comments_01": "Please send abuse complaints to abuse@isprime.com",
"comments_02": "abuse@isprime.com",
"comments_03": "",
"comments_04": "",
"comments_05": "",
"comments_06": "",
"comments_07": "",
"comments_08": "",
"comments_09": "",
"comments_10": "",
"country_01": "US",
"country_02": "",
"created_at: 2015-07-07 20:22": "06 UTC",
"descr_01": "",
"descr_02": "",
"descr_03": "",
"descr_04": "",
"descr_05": "",
"descr_06": "",
"descr_07": "",
"descr_08": "",
"descr_09": "",
"descr_10": "",
"email_01": "abuse@isprime.com",
"email_02": "support@isprime.com",
"email_03": "noc@isprime.com",
"email_04": "",
"email_05": "",
"email_06": "",
"email_07": "",
"email_08": "",
"email_09": "",
"email_10": "",
"fax_01": "",
"fax_02": "",
"fax_03": "",
"hostmax_01": "66.230.191.254",
"hostmax_02": "",
"hostmax_03": "",
"hostmax_04": "",
"hostmax_05": "",
"hostmax_06": "",
"hostmax_07": "",
"hostmax_08": "",
"hostmax_09": "",
"hostmax_10": "",
"hostmin_01": "66.230.128.1",
"hostmin_02": "",
"hostmin_03": "",
"hostmin_04": "",
"hostmin_05": "",
"hostmin_06": "",
"hostmin_07": "",
"hostmin_08": "",
"hostmin_09": "",
"hostmin_10": "",
"inetnum_01": "66.230.128.0/18",
"inetnum_02": "",
"inetnum_03": "",
"inetnum_04": "",
"inetnum_05": "",
"inetnum_06": "",
"inetnum_07": "",
"inetnum_08": "",
"inetnum_09": "",
"inetnum_10": "",
"info": "",
"mnt_01": "",
"mnt_02": "",
"mnt_03": "",
"mnt_04": "",
"mnt_05": "",
"mnt_06": "",
"name": "",
"netcount_01": "16382",
"netcount_02": "",
"netcount_03": "",
"netcount_04": "",
"netcount_05": "",
"netcount_06": "",
"netcount_07": "",
"netcount_08": "",
"netcount_09": "",
"netcount_10": "",
"netmask_01": "255.255.192.0",
"netmask_02": "",
"netmask_03": "",
"netmask_04": "",
"netmask_05": "",
"netmask_06": "",
"netmask_07": "",
"netmask_08": "",
"netmask_09": "",
"netmask_10": "",
"netname_01": "NET-66-230-128-0-1",
"netname_02": "",
"nichdl_01": "NET-66-230-128-0-1",
"nichdl_02": "ITS7-ARIN",
"nichdl_03": "ISPRI-ARIN",
"nichdl_04": "",
"nichdl_05": "",
"notes": "",
"nserver_01": "",
"nserver_02": "",
"nserver_03": "",
"nslastaa_01": "",
"nslastaa_02": "",
"organization_01": "ISPrime  Inc. ( IPRM )",
"organization_02": "",
"organization_03": "",
"organization_04": "",
"organization_05": "",
"orgname_01": "ISPrime  Inc.",
"orgname_02": "ISPrime Technical Support",
"orgname_03": "ISPrime NOC",
"orgname_04": "",
"orgname_05": "",
"originas_01": "AS23393",
"originas_02": "",
"originas_03": "",
"originas_04": "",
"originas_05": "",
"originas_06": "",
"originas_07": "",
"originas_08": "",
"originas_09": "",
"originas_10": "",
"other_01": "Direct Allocation",
"other_02": "2012-02-24",
"other_03": "IPRM",
"other_04": "2012-01-12",
"other_05": "ISPrime Technical Support",
"other_06": "ISPrime NOC",
"other_07": "",
"other_08": "",
"other_09": "",
"other_10": "",
"parent_01": "NET66 ( NET-66-0-0-0-0 )",
"parent_02": "",
"parent_03": "",
"person_01": "",
"person_02": "",
"person_03": "",
"phone_01": "+1-212-812-9028 ",
"phone_02": "",
"phone_03": "",
"postalcode_01": "07086-6702",
"postalcode_02": "",
"ref_01: http": "//whois.arin.net/rest/net/NET-66-230-128-0-1",
"ref_02: http": "//whois.arin.net/rest/org/IPRM",
"ref_03: http": "//whois.arin.net/rest/poc/ITS7-ARIN",
"ref_04: http": "//whois.arin.net/rest/poc/ISPRI-ARIN",
"ref_05": "",
"ref_06": "",
"ref_07": "",
"ref_08": "",
"ref_09": "",
"ref_10": "",
"regdate_01": "2002-02-15",
"regdate_02": "",
"remarks_01": "",
"remarks_02": "",
"remarks_03": "",
"remarks_04": "",
"remarks_05": "",
"remarks_06": "",
"remarks_07": "",
"remarks_08": "",
"remarks_09": "",
"remarks_10": "",
"route_01": "",
"route_02": "",
"rwhois_01: rwhois.isprime.net": "4321",
"rwhois_02: rwhois.isprime.net": "4321.",
"rwhois_03": "",
"rwhois_04": "",
"rwhois_05": "",
"source": "ARIN",
"state_01": "NJ",
"state_02": "",
"updated_01": "",
"updated_02": "",
"updated_03": "",
"updated_at": "",
"w_address_01": "300 Boulevard East",
"w_address_02": "Suite 100",
"w_address_03": "",
"w_address_04": "",
"w_address_05": "",
"w_address_06": "",
"w_address_07": "",
"w_address_08": "",
"w_address_09": "",
"w_address_10": "",
}
