{
"abuse_01": "GAD46-ARIN",
"abuse_02": "GTT Abuse Department",
"abuse_03": "+1-703-442-5501 ",
"abuse_04": "abuse@gtt.net",
"abuse_05: http": "//whois.arin.net/rest/poc/GAD46-ARIN",
"address": "67.201.40.0",
"changed_01": "",
"changed_02": "",
"changed_03": "",
"cidr_01": "67.201.0.0/18",
"cidr_02": "67.201.40.0/24",
"city_01": "McLean",
"city_02": "Dover",
"comments_01": "Addresses in this block are non-portable.",
"comments_02": "For security issues  abuse reports  and",
"comments_03": "technical issues  please contact the",
"comments_04": "Nobis Technology Group NOC@admin@nobistech.net",
"comments_05": "Nobis Technology Group  LLC",
"comments_06: http": "//www.nobistech.net",
"comments_07": "For all inquiries relating",
"comments_08": "to network abuse  network",
"comments_09": "security  DMCA  trademark ",
"comments_10": "legal compliance  and law ",
"country_01": "US",
"country_02": "",
"created_at: 2015-07-07 20:22": "06 UTC",
"descr_01": "",
"descr_02": "",
"descr_03": "",
"descr_04": "",
"descr_05": "",
"descr_06": "",
"descr_07": "",
"descr_08": "",
"descr_09": "",
"descr_10": "",
"email_01": "abuse@gtt.net",
"email_02": "noc@gtt.net",
"email_03": "netguard@tinet.net",
"email_04": "admin@nobistech.net",
"email_05": "fidelitymed@aol.com",
"email_06": "FidelityMed2@aol.com",
"email_07": "abuse@nobistech.net",
"email_08": "arin@nobistech.net",
"email_09": "",
"email_10": "",
"fax_01": "",
"fax_02": "",
"fax_03": "",
"hostmax_01": "67.201.63.254",
"hostmax_02": "67.201.40.254",
"hostmax_03": "",
"hostmax_04": "",
"hostmax_05": "",
"hostmax_06": "",
"hostmax_07": "",
"hostmax_08": "",
"hostmax_09": "",
"hostmax_10": "",
"hostmin_01": "67.201.0.1",
"hostmin_02": "67.201.40.1",
"hostmin_03": "",
"hostmin_04": "",
"hostmin_05": "",
"hostmin_06": "",
"hostmin_07": "",
"hostmin_08": "",
"hostmin_09": "",
"hostmin_10": "",
"inetnum_01": "67.201.0.0/18",
"inetnum_02": "67.201.40.0/24",
"inetnum_03": "",
"inetnum_04": "",
"inetnum_05": "",
"inetnum_06": "",
"inetnum_07": "",
"inetnum_08": "",
"inetnum_09": "",
"inetnum_10": "",
"info": "",
"mnt_01": "",
"mnt_02": "",
"mnt_03": "",
"mnt_04": "",
"mnt_05": "",
"mnt_06": "",
"name": "",
"netcount_01": "16382",
"netcount_02": "254",
"netcount_03": "",
"netcount_04": "",
"netcount_05": "",
"netcount_06": "",
"netcount_07": "",
"netcount_08": "",
"netcount_09": "",
"netcount_10": "",
"netmask_01": "255.255.192.0",
"netmask_02": "255.255.255.0",
"netmask_03": "",
"netmask_04": "",
"netmask_05": "",
"netmask_06": "",
"netmask_07": "",
"netmask_08": "",
"netmask_09": "",
"netmask_10": "",
"netname_01": "NETBLK-PACKETEXCHANGE-V4-04",
"netname_02": "NOBIS-CUSTBLK-67-201-40-0-24",
"nichdl_01": "NET-67-201-0-0-1",
"nichdl_02": "GNOC16-ARIN",
"nichdl_03": "AS3251-ARIN",
"nichdl_04": "NET-67-201-40-0-2",
"nichdl_05": "FMNO-ARIN",
"notes": "",
"nserver_01": "",
"nserver_02": "",
"nserver_03": "",
"nslastaa_01": "",
"nslastaa_02": "",
"organization_01": "PacketExchange  Inc ( PACKE-25 )",
"organization_02": "Fidelity Media LLC ( FML-23 )",
"organization_03": "Nobis Technology Group  LLC ( NTGL )",
"organization_04": "",
"organization_05": "",
"orgname_01": "PacketExchange  Inc",
"orgname_02": "GTT Network Operations Center",
"orgname_03": "AS3257 Netguard",
"orgname_04": "Fidelity Media LLC",
"orgname_05": "FIDELITY MEDIA NETWORK OPS",
"originas_01": "AS25973",
"originas_02": "AS15003",
"originas_03": "AS25973",
"originas_04": "",
"originas_05": "",
"originas_06": "",
"originas_07": "",
"originas_08": "",
"originas_09": "",
"originas_10": "",
"other_01": "Direct Allocation",
"other_02": "2012-02-24",
"other_03": "PACKE-25",
"other_04": "2014-04-16",
"other_05": "2009-10-01",
"other_06": "FML-23",
"other_07": "2011-09-24",
"other_08": "Fidelity Media LLC",
"other_09": "2007-07-24",
"other_10": "NTGL",
"parent_01": "NET67 ( NET-67-0-0-0-0 )",
"parent_02": "MZIMA04-CUST-NOBISTECHNOLOGYLLC09 ( NET-67-201-40-0-1 )",
"parent_03": "NETBLK-PACKETEXCHANGE-V4-04 ( NET-67-201-0-0-1 )",
"person_01": "",
"person_02": "",
"person_03": "",
"phone_01": "+1-866-250-3887 ",
"phone_02": "+49 6102 8235 389 ",
"phone_03": "+1-302-476-2548 ",
"postalcode_01": "22102",
"postalcode_02": "19904",
"ref_01: http": "//whois.arin.net/rest/net/NET-67-201-0-0-1",
"ref_02: http": "//whois.arin.net/rest/org/PACKE-25",
"ref_03: http": "//whois.arin.net/rest/poc/GNOC16-ARIN",
"ref_04: http": "//whois.arin.net/rest/poc/AS3251-ARIN",
"ref_05: http": "//whois.arin.net/rest/net/NET-67-201-40-0-2",
"ref_06: http": "//whois.arin.net/rest/org/FML-23",
"ref_07: http": "//whois.arin.net/rest/poc/FMNO-ARIN",
"ref_08: http": "//whois.arin.net/rest/poc/FML-ARIN",
"ref_09: http": "//whois.arin.net/rest/net/NET-67-201-40-0-1",
"ref_10: http": "//whois.arin.net/rest/org/NTGL",
"regdate_01": "2007-07-11",
"regdate_02": "2008-02-26",
"remarks_01": "",
"remarks_02": "",
"remarks_03": "",
"remarks_04": "",
"remarks_05": "",
"remarks_06": "",
"remarks_07": "",
"remarks_08": "",
"remarks_09": "",
"remarks_10": "",
"route_01": "",
"route_02": "",
"rwhois_01: rwhois.nobistech.net": "4321",
"rwhois_02: rwhois.nobistech.net": "4321.",
"rwhois_03": "rwhois.nobistech.net ( Ubersmith RWhois Server V-2.3.0 )",
"rwhois_04": "",
"rwhois_05": "",
"source": "ARIN",
"state_01": "VA",
"state_02": "DE",
"updated_01": "",
"updated_02": "",
"updated_03": "",
"updated_at": "",
"w_address_01": "GTT Communications  Inc.",
"w_address_02": "8484 Westpark Drive",
"w_address_03": "Suite 720",
"w_address_04": "73 Greentree Dr. ",
"w_address_05": "5350 East High Street",
"w_address_06": "Suite 300",
"w_address_07": "",
"w_address_08": "",
"w_address_09": "",
"w_address_10": "",
}
