{
"abuse_01": "ABUSE81-ARIN",
"abuse_02": "Abuse Group",
"abuse_03": "+1-919-319-8265 ",
"abuse_04": "abuse@att.net",
"abuse_05: http": "//whois.arin.net/rest/poc/ABUSE81-ARIN",
"address": "68.156.159.10",
"changed_01": "",
"changed_02": "",
"changed_03": "",
"cidr_01": "68.152.0.0/13",
"cidr_02": "68.156.159.0/24",
"city_01": "Atlanta",
"city_02": "Brentwood",
"comments_01": "For Abuse Issues  email abuse@att.net.",
"comments_02": "",
"comments_03": "",
"comments_04": "",
"comments_05": "",
"comments_06": "",
"comments_07": "",
"comments_08": "",
"comments_09": "",
"comments_10": "",
"country_01": "US",
"country_02": "",
"created_at: 2015-07-07 20:22": "06 UTC",
"descr_01": "",
"descr_02": "",
"descr_03": "",
"descr_04": "",
"descr_05": "",
"descr_06": "",
"descr_07": "",
"descr_08": "",
"descr_09": "",
"descr_10": "",
"email_01": "abuse@att.net.",
"email_02": "abuse@att.net",
"email_03": "ipadmin-bell@att.com",
"email_04": "",
"email_05": "",
"email_06": "",
"email_07": "",
"email_08": "",
"email_09": "",
"email_10": "",
"fax_01": "707-435-6409",
"fax_02": "",
"fax_03": "",
"hostmax_01": "68.159.255.254",
"hostmax_02": "68.156.159.254",
"hostmax_03": "",
"hostmax_04": "",
"hostmax_05": "",
"hostmax_06": "",
"hostmax_07": "",
"hostmax_08": "",
"hostmax_09": "",
"hostmax_10": "",
"hostmin_01": "68.152.0.1",
"hostmin_02": "68.156.159.1",
"hostmin_03": "",
"hostmin_04": "",
"hostmin_05": "",
"hostmin_06": "",
"hostmin_07": "",
"hostmin_08": "",
"hostmin_09": "",
"hostmin_10": "",
"inetnum_01": "68.152.0.0/13",
"inetnum_02": "68.156.159.0/24",
"inetnum_03": "",
"inetnum_04": "",
"inetnum_05": "",
"inetnum_06": "",
"inetnum_07": "",
"inetnum_08": "",
"inetnum_09": "",
"inetnum_10": "",
"info": "",
"mnt_01": "",
"mnt_02": "",
"mnt_03": "",
"mnt_04": "",
"mnt_05": "",
"mnt_06": "",
"name": "",
"netcount_01": "524286",
"netcount_02": "254",
"netcount_03": "",
"netcount_04": "",
"netcount_05": "",
"netcount_06": "",
"netcount_07": "",
"netcount_08": "",
"netcount_09": "",
"netcount_10": "",
"netmask_01": "255.248.0.0",
"netmask_02": "255.255.255.0",
"netmask_03": "",
"netmask_04": "",
"netmask_05": "",
"netmask_06": "",
"netmask_07": "",
"netmask_08": "",
"netmask_09": "",
"netmask_10": "",
"netname_01": "BELLSNET-BLK14",
"netname_02": "BLS-68-156-159-0-24-1007141310",
"nichdl_01": "NET-68-152-0-0-1",
"nichdl_02": "IPOPE3-ARIN",
"nichdl_03": "NET-68-156-159-0-1",
"nichdl_04": "",
"nichdl_05": "",
"notes": "",
"nserver_01": "",
"nserver_02": "",
"nserver_03": "",
"nslastaa_01": "",
"nslastaa_02": "",
"organization_01": "BellSouth.net Inc. ( BELL )",
"organization_02": "",
"organization_03": "",
"organization_04": "",
"organization_05": "",
"orgname_01": "BellSouth.net Inc.",
"orgname_02": "IP Operations",
"orgname_03": "",
"orgname_04": "",
"orgname_05": "",
"originas_01": "AS6389",
"originas_02": "",
"originas_03": "",
"originas_04": "",
"originas_05": "",
"originas_06": "",
"originas_07": "",
"originas_08": "",
"originas_09": "",
"originas_10": "",
"other_01": "Direct Allocation",
"other_02": "2013-08-09",
"other_03": "BELL",
"other_04": "2014-07-23",
"other_05": "IP Operations",
"other_06": "CHS - BNA LAN ( C02543226 )",
"other_07": "2010-07-14",
"other_08": "CHS - BNA LAN",
"other_09": "2011-03-19",
"other_10": "",
"parent_01": "NET68 ( NET-68-0-0-0-0 )",
"parent_02": "BELLSNET-BLK14 ( NET-68-152-0-0-1 )",
"parent_03": "",
"person_01": "",
"person_02": "",
"person_03": "",
"phone_01": "+1-888-510-5545 ",
"phone_02": "",
"phone_03": "",
"postalcode_01": "30324",
"postalcode_02": "37027",
"ref_01: http": "//whois.arin.net/rest/net/NET-68-152-0-0-1",
"ref_02: http": "//whois.arin.net/rest/org/BELL",
"ref_03: http": "//whois.arin.net/rest/poc/IPOPE3-ARIN",
"ref_04: http": "//whois.arin.net/rest/net/NET-68-156-159-0-1",
"ref_05: http": "//whois.arin.net/rest/customer/C02543226",
"ref_06": "",
"ref_07": "",
"ref_08": "",
"ref_09": "",
"ref_10": "",
"regdate_01": "2002-07-22",
"regdate_02": "1995-03-02",
"remarks_01": "",
"remarks_02": "",
"remarks_03": "",
"remarks_04": "",
"remarks_05": "",
"remarks_06": "",
"remarks_07": "",
"remarks_08": "",
"remarks_09": "",
"remarks_10": "",
"route_01": "",
"route_02": "",
"rwhois_01": "rwhois.eng.bellsouth.net 4321",
"rwhois_02: rwhois.eng.bellsouth.net": "4321",
"rwhois_03: rwhois.eng.bellsouth.net": "4321.",
"rwhois_04": "rwhois.eng.bellsouth.net ( by Network Solutions  Inc. V-1.5.9.5 )",
"rwhois_05": "",
"source": "ARIN",
"state_01": "GA",
"state_02": "TN",
"updated_01": "",
"updated_02": "",
"updated_03": "",
"updated_at": "",
"w_address_01": "575 Morosgo Drive",
"w_address_02": "7100 Commerce Way  1st Flr East",
"w_address_03": "",
"w_address_04": "",
"w_address_05": "",
"w_address_06": "",
"w_address_07": "",
"w_address_08": "",
"w_address_09": "",
"w_address_10": "",
}
