{
"abuse_01": "ABUSE6-ARIN",
"abuse_02": "Abuse ATT Internet Services",
"abuse_03": "+1-919-319-8167 ",
"abuse_04": "abuse@att.net",
"abuse_05: http": "//whois.arin.net/rest/poc/ABUSE6-ARIN",
"address": "70.231.234.212",
"changed_01": "",
"changed_02": "",
"changed_03": "",
"cidr_01": "70.231.224.0/19",
"cidr_02": "70.224.0.0/12",
"city_01": "Plano",
"city_02": "Richardson",
"comments_01": "Abuse contact abuse@swbell.net  Technical contact noc@sbcis.sbc.com",
"comments_02": "For policy abuse issues contact abuse@att.net",
"comments_03": "AT&T Internet Services - Legal Compliance Group",
"comments_04": "1010 N. St. Mary s St.  Rm. 315-A2",
"comments_05": "San Antonio  TX 78215",
"comments_06": "Legal Compliance Group ( Fax ) 707-435-6409",
"comments_07": "",
"comments_08": "",
"comments_09": "",
"comments_10": "",
"country_01": "US",
"country_02": "",
"created_at: 2015-07-07 20:22": "06 UTC",
"descr_01": "",
"descr_02": "",
"descr_03": "",
"descr_04": "",
"descr_05": "",
"descr_06": "",
"descr_07": "",
"descr_08": "",
"descr_09": "",
"descr_10": "",
"email_01": "noc@sbcis.sbc.com",
"email_02": "ipadmin-sbis@sbis.sbc.com",
"email_03": "ipadmin@sbc.com",
"email_04": "abuse@att.net",
"email_05": "",
"email_06": "",
"email_07": "",
"email_08": "",
"email_09": "",
"email_10": "",
"fax_01": "",
"fax_02": "",
"fax_03": "",
"hostmax_01": "70.231.255.254",
"hostmax_02": "70.239.255.254",
"hostmax_03": "",
"hostmax_04": "",
"hostmax_05": "",
"hostmax_06": "",
"hostmax_07": "",
"hostmax_08": "",
"hostmax_09": "",
"hostmax_10": "",
"hostmin_01": "70.231.224.1",
"hostmin_02": "70.224.0.1",
"hostmin_03": "",
"hostmin_04": "",
"hostmin_05": "",
"hostmin_06": "",
"hostmin_07": "",
"hostmin_08": "",
"hostmin_09": "",
"hostmin_10": "",
"inetnum_01": "70.231.224.0/19",
"inetnum_02": "70.224.0.0/12",
"inetnum_03": "",
"inetnum_04": "",
"inetnum_05": "",
"inetnum_06": "",
"inetnum_07": "",
"inetnum_08": "",
"inetnum_09": "",
"inetnum_10": "",
"info": "",
"mnt_01": "",
"mnt_02": "",
"mnt_03": "",
"mnt_04": "",
"mnt_05": "",
"mnt_06": "",
"name": "",
"netcount_01": "8190",
"netcount_02": "1048574",
"netcount_03": "",
"netcount_04": "",
"netcount_05": "",
"netcount_06": "",
"netcount_07": "",
"netcount_08": "",
"netcount_09": "",
"netcount_10": "",
"netmask_01": "255.255.224.0",
"netmask_02": "255.240.0.0",
"netmask_03": "",
"netmask_04": "",
"netmask_05": "",
"netmask_06": "",
"netmask_07": "",
"netmask_08": "",
"netmask_09": "",
"netmask_10": "",
"netname_01": "SBC07023122400019051025140340",
"netname_02": "SBCIS-SIS80",
"nichdl_01": "NET-70-231-224-0-1",
"nichdl_02": "IPADM2-ARIN",
"nichdl_03": "SUPPO-ARIN",
"nichdl_04": "NET-70-224-0-0-1",
"nichdl_05": "",
"notes": "",
"nserver_01": "",
"nserver_02": "",
"nserver_03": "",
"nslastaa_01": "",
"nslastaa_02": "",
"organization_01": "AT&T Internet Services ( SIS-80 )",
"organization_02": "",
"organization_03": "",
"organization_04": "",
"organization_05": "",
"orgname_01": "IPAdmin ATT Internet Services",
"orgname_02": "Support ATT Internet Services",
"orgname_03": "AT&T Internet Services",
"orgname_04": "",
"orgname_05": "",
"originas_01": "",
"originas_02": "",
"originas_03": "",
"originas_04": "",
"originas_05": "",
"originas_06": "",
"originas_07": "",
"originas_08": "",
"originas_09": "",
"originas_10": "",
"other_01": "PPPoX Pool Rback38.SNFCCA.1 ( C01205272 )",
"other_02": "2005-10-25",
"other_03": "PPPoX Pool Rback38.SNFCCA.1",
"other_04": "2011-03-19",
"other_05": "Direct Allocation",
"other_06": "2012-03-02",
"other_07": "SIS-80",
"other_08": "2014-06-10",
"other_09": "",
"other_10": "",
"parent_01": "SBCIS-SIS80 ( NET-70-224-0-0-1 )",
"parent_02": "NET70 ( NET-70-0-0-0-0 )",
"parent_03": "",
"person_01": "",
"person_02": "",
"person_03": "",
"phone_01": "+1-888-510-5545 ",
"phone_02": "",
"phone_03": "",
"postalcode_01": "75075",
"postalcode_02": "75082",
"ref_01: http": "//whois.arin.net/rest/net/NET-70-231-224-0-1",
"ref_02: http": "//whois.arin.net/rest/customer/C01205272",
"ref_03: http": "//whois.arin.net/rest/poc/IPADM2-ARIN",
"ref_04: http": "//whois.arin.net/rest/poc/SUPPO-ARIN",
"ref_05: http": "//whois.arin.net/rest/net/NET-70-224-0-0-1",
"ref_06: http": "//whois.arin.net/rest/org/SIS-80",
"ref_07": "",
"ref_08": "",
"ref_09": "",
"ref_10": "",
"regdate_01": "2005-10-25",
"regdate_02": "2005-03-22",
"remarks_01": "",
"remarks_02": "",
"remarks_03": "",
"remarks_04": "",
"remarks_05": "",
"remarks_06": "",
"remarks_07": "",
"remarks_08": "",
"remarks_09": "",
"remarks_10": "",
"route_01": "",
"route_02": "",
"rwhois_01": "",
"rwhois_02": "",
"rwhois_03": "",
"rwhois_04": "",
"rwhois_05": "",
"source": "ARIN",
"state_01": "TX",
"state_02": "",
"updated_01": "",
"updated_02": "",
"updated_03": "",
"updated_at": "",
"w_address_01": "Private Address",
"w_address_02": "3300 E Renner Rd",
"w_address_03": "Mailroom B2139 ",
"w_address_04": "IP Management",
"w_address_05": "",
"w_address_06": "",
"w_address_07": "",
"w_address_08": "",
"w_address_09": "",
"w_address_10": "",
}
