{
"abuse_01": "ABUSE1601-ARIN",
"abuse_02": "+1-480-212-1710 ",
"abuse_03": "abuse@nobistech.net",
"abuse_04: http": "//whois.arin.net/rest/poc/ABUSE1601-ARIN",
"abuse_05": "GAD46-ARIN",
"address": "72.37.246.0",
"changed_01": "",
"changed_02": "",
"changed_03": "",
"cidr_01": "72.37.246.0/23",
"cidr_02": "72.37.128.0/17",
"city_01": "Phoenix",
"city_02": "McLean",
"comments_01": "Nobis Technology Group  LLC",
"comments_02: http": "//www.nobistech.net",
"comments_03": "For all inquiries relating",
"comments_04": "to network abuse  network",
"comments_05": "security  DMCA  trademark ",
"comments_06": "legal compliance  and law ",
"comments_07": "enforcement requests  contact",
"comments_08": "abuse@nobistech.net via e-mail",
"comments_09": "Nobis Technology Group",
"comments_10": "ATTN IP Network Operations",
"country_01": "US",
"country_02": "",
"created_at: 2015-07-07 20:22": "06 UTC",
"descr_01": "",
"descr_02": "",
"descr_03": "",
"descr_04": "",
"descr_05": "",
"descr_06": "",
"descr_07": "",
"descr_08": "",
"descr_09": "",
"descr_10": "",
"email_01": "abuse@nobistech.net",
"email_02": "admin@nobistech.net",
"email_03": "arin@nobistech.net",
"email_04": "netguard@tinet.net",
"email_05": "noc@gtt.net",
"email_06": "abuse@gtt.net",
"email_07": "",
"email_08": "",
"email_09": "",
"email_10": "",
"fax_01": "",
"fax_02": "",
"fax_03": "",
"hostmax_01": "72.37.247.254",
"hostmax_02": "72.37.255.254",
"hostmax_03": "0.0.0.254",
"hostmax_04": "",
"hostmax_05": "",
"hostmax_06": "",
"hostmax_07": "",
"hostmax_08": "",
"hostmax_09": "",
"hostmax_10": "",
"hostmin_01": "72.37.246.1",
"hostmin_02": "72.37.128.1",
"hostmin_03": "0.0.0.1",
"hostmin_04": "",
"hostmin_05": "",
"hostmin_06": "",
"hostmin_07": "",
"hostmin_08": "",
"hostmin_09": "",
"hostmin_10": "",
"inetnum_01": "72.37.246.0/23",
"inetnum_02": "72.37.128.0/17",
"inetnum_03": "0.0.0.0/0",
"inetnum_04": "",
"inetnum_05": "",
"inetnum_06": "",
"inetnum_07": "",
"inetnum_08": "",
"inetnum_09": "",
"inetnum_10": "",
"info": "",
"mnt_01": "",
"mnt_02": "",
"mnt_03": "",
"mnt_04": "",
"mnt_05": "",
"mnt_06": "",
"name": "",
"netcount_01": "510",
"netcount_02": "32766",
"netcount_03": "254",
"netcount_04": "",
"netcount_05": "",
"netcount_06": "",
"netcount_07": "",
"netcount_08": "",
"netcount_09": "",
"netcount_10": "",
"netmask_01": "255.255.254.0",
"netmask_02": "255.255.128.0",
"netmask_03": "255.255.255.0",
"netmask_04": "",
"netmask_05": "",
"netmask_06": "",
"netmask_07": "",
"netmask_08": "",
"netmask_09": "",
"netmask_10": "",
"netname_01": "MZIMA03-CUST-NOBISTECHNOLOGYLLC10",
"netname_02": "NETBLK-PACKETEXCHANGE-V4-03",
"nichdl_01": "NET-72-37-246-0-1",
"nichdl_02": "NOC2466-ARIN",
"nichdl_03": "AIA12-ARIN",
"nichdl_04": "NET-72-37-128-0-1",
"nichdl_05": "AS3251-ARIN",
"notes": "",
"nserver_01": "",
"nserver_02": "",
"nserver_03": "",
"nslastaa_01": "",
"nslastaa_02": "",
"organization_01": "Nobis Technology Group  LLC ( NTGL )",
"organization_02": "PacketExchange  Inc ( PACKE-25 )",
"organization_03": "",
"organization_04": "",
"organization_05": "",
"orgname_01": "Nobis Technology Group  LLC",
"orgname_02": "NOC",
"orgname_03": "ARIN IP Admin",
"orgname_04": "PacketExchange  Inc",
"orgname_05": "AS3257 Netguard",
"originas_01": "AS25973",
"originas_02": "AS25973",
"originas_03": "",
"originas_04": "",
"originas_05": "",
"originas_06": "",
"originas_07": "",
"originas_08": "",
"originas_09": "",
"originas_10": "",
"other_01": "2007-07-24",
"other_02": "NTGL",
"other_03": "2014-11-03",
"other_04": "NOC",
"other_05": "Direct Allocation",
"other_06": "2012-02-24",
"other_07": "PACKE-25",
"other_08": "2014-04-16",
"other_09": "",
"other_10": "",
"parent_01": "NETBLK-PACKETEXCHANGE-V4-03 ( NET-72-37-128-0-1 )",
"parent_02": "NET72 ( NET-72-0-0-0-0 )",
"parent_03": "",
"person_01": "",
"person_02": "",
"person_03": "",
"phone_01": "+1-480-212-1710 ",
"phone_02": "+49 6102 8235 381 ",
"phone_03": "+1-866-250-3887 ",
"postalcode_01": "85054",
"postalcode_02": "22102",
"ref_01: http": "//whois.arin.net/rest/net/NET-72-37-246-0-1",
"ref_02: http": "//whois.arin.net/rest/org/NTGL",
"ref_03: http": "//whois.arin.net/rest/poc/NOC2466-ARIN",
"ref_04: http": "//whois.arin.net/rest/poc/AIA12-ARIN",
"ref_05: http": "//whois.arin.net/rest/net/NET-72-37-128-0-1",
"ref_06: http": "//whois.arin.net/rest/org/PACKE-25",
"ref_07: http": "//whois.arin.net/rest/poc/AS3251-ARIN",
"ref_08: http": "//whois.arin.net/rest/poc/GNOC16-ARIN",
"ref_09": "",
"ref_10": "",
"regdate_01": "2007-07-24",
"regdate_02": "2007-01-30",
"remarks_01": "",
"remarks_02": "",
"remarks_03": "",
"remarks_04": "",
"remarks_05": "",
"remarks_06": "",
"remarks_07": "",
"remarks_08": "",
"remarks_09": "",
"remarks_10": "",
"route_01": "",
"route_02": "",
"rwhois_01: rwhois.nobistech.net": "4321",
"rwhois_02: rwhois.nobistech.net": "4321.",
"rwhois_03": "rwhois.nobistech.net ( Ubersmith RWhois Server V-2.3.0 )",
"rwhois_04: rwhois.arin.net:4321/autharea": "0.0.0.0/0",
"rwhois_05": "",
"source": "ARIN",
"state_01": "AZ",
"state_02": "VA",
"updated_01": "",
"updated_02": "",
"updated_03": "",
"updated_at": "",
"w_address_01": "5350 East High Street",
"w_address_02": "Suite 300",
"w_address_03": "GTT Communications  Inc.",
"w_address_04": "8484 Westpark Drive",
"w_address_05": "Suite 720",
"w_address_06": "",
"w_address_07": "",
"w_address_08": "",
"w_address_09": "",
"w_address_10": "",
}
