{
"abuse_01": "GAD46-ARIN",
"abuse_02": "GTT Abuse Department",
"abuse_03": "+1-703-442-5500 ",
"abuse_04": "abuse@gtt.net",
"abuse_05: http": "//whois.arin.net/rest/poc/GAD46-ARIN",
"address": "72.37.221.0",
"changed_01": "",
"changed_02": "",
"changed_03": "",
"cidr_01": "72.37.128.0/17",
"cidr_02": "72.37.221.0/24",
"city_01": "McLean",
"city_02": "Phoenix",
"comments_01": "Nobis Technology Group  LLC",
"comments_02: http": "//www.nobistech.net",
"comments_03": "For all inquiries relating",
"comments_04": "to network abuse  network",
"comments_05": "security  DMCA  trademark ",
"comments_06": "legal compliance  and law ",
"comments_07": "enforcement requests  contact",
"comments_08": "abuse@nobistech.net via e-mail",
"comments_09": "Nobis Technology Group",
"comments_10": "ATTN IP Network Operations",
"country_01": "US",
"country_02": "",
"created_at: 2015-07-07 20:22": "06 UTC",
"descr_01": "",
"descr_02": "",
"descr_03": "",
"descr_04": "",
"descr_05": "",
"descr_06": "",
"descr_07": "",
"descr_08": "",
"descr_09": "",
"descr_10": "",
"email_01": "noc@gtt.net",
"email_02": "netguard@tinet.net",
"email_03": "abuse@gtt.net",
"email_04": "abuse@nobistech.net",
"email_05": "arin@nobistech.net",
"email_06": "admin@nobistech.net",
"email_07": "",
"email_08": "",
"email_09": "",
"email_10": "",
"fax_01": "",
"fax_02": "",
"fax_03": "",
"hostmax_01": "72.37.255.254",
"hostmax_02": "72.37.221.254",
"hostmax_03": "",
"hostmax_04": "",
"hostmax_05": "",
"hostmax_06": "",
"hostmax_07": "",
"hostmax_08": "",
"hostmax_09": "",
"hostmax_10": "",
"hostmin_01": "72.37.128.1",
"hostmin_02": "72.37.221.1",
"hostmin_03": "",
"hostmin_04": "",
"hostmin_05": "",
"hostmin_06": "",
"hostmin_07": "",
"hostmin_08": "",
"hostmin_09": "",
"hostmin_10": "",
"inetnum_01": "72.37.128.0/17",
"inetnum_02": "72.37.221.0/24",
"inetnum_03": "",
"inetnum_04": "",
"inetnum_05": "",
"inetnum_06": "",
"inetnum_07": "",
"inetnum_08": "",
"inetnum_09": "",
"inetnum_10": "",
"info": "",
"mnt_01": "",
"mnt_02": "",
"mnt_03": "",
"mnt_04": "",
"mnt_05": "",
"mnt_06": "",
"name": "",
"netcount_01": "32766",
"netcount_02": "254",
"netcount_03": "",
"netcount_04": "",
"netcount_05": "",
"netcount_06": "",
"netcount_07": "",
"netcount_08": "",
"netcount_09": "",
"netcount_10": "",
"netmask_01": "255.255.128.0",
"netmask_02": "255.255.255.0",
"netmask_03": "",
"netmask_04": "",
"netmask_05": "",
"netmask_06": "",
"netmask_07": "",
"netmask_08": "",
"netmask_09": "",
"netmask_10": "",
"netname_01": "NETBLK-PACKETEXCHANGE-V4-03",
"netname_02": "MZIMA03-CUST-NOBISTECHNOLOGYLLC04",
"nichdl_01": "NET-72-37-128-0-1",
"nichdl_02": "GNOC16-ARIN",
"nichdl_03": "AS3251-ARIN",
"nichdl_04": "NET-72-37-221-0-1",
"nichdl_05": "AIA12-ARIN",
"notes": "",
"nserver_01": "",
"nserver_02": "",
"nserver_03": "",
"nslastaa_01": "",
"nslastaa_02": "",
"organization_01": "PacketExchange  Inc ( PACKE-25 )",
"organization_02": "Nobis Technology Group  LLC ( NTGL )",
"organization_03": "",
"organization_04": "",
"organization_05": "",
"orgname_01": "PacketExchange  Inc",
"orgname_02": "GTT Network Operations Center",
"orgname_03": "AS3257 Netguard",
"orgname_04": "Nobis Technology Group  LLC",
"orgname_05": "ARIN IP Admin",
"originas_01": "AS25973",
"originas_02": "AS25973",
"originas_03": "",
"originas_04": "",
"originas_05": "",
"originas_06": "",
"originas_07": "",
"originas_08": "",
"originas_09": "",
"originas_10": "",
"other_01": "Direct Allocation",
"other_02": "2012-02-24",
"other_03": "PACKE-25",
"other_04": "2014-04-16",
"other_05": "2007-06-25",
"other_06": "NTGL",
"other_07": "2014-11-03",
"other_08": "NOC",
"other_09": "",
"other_10": "",
"parent_01": "NET72 ( NET-72-0-0-0-0 )",
"parent_02": "NETBLK-PACKETEXCHANGE-V4-03 ( NET-72-37-128-0-1 )",
"parent_03": "",
"person_01": "",
"person_02": "",
"person_03": "",
"phone_01": "+1-866-250-3887 ",
"phone_02": "+49 6102 8235 389 ",
"phone_03": "+1-480-212-1710 ",
"postalcode_01": "22102",
"postalcode_02": "85054",
"ref_01: http": "//whois.arin.net/rest/net/NET-72-37-128-0-1",
"ref_02: http": "//whois.arin.net/rest/org/PACKE-25",
"ref_03: http": "//whois.arin.net/rest/poc/GNOC16-ARIN",
"ref_04: http": "//whois.arin.net/rest/poc/AS3251-ARIN",
"ref_05: http": "//whois.arin.net/rest/net/NET-72-37-221-0-1",
"ref_06: http": "//whois.arin.net/rest/org/NTGL",
"ref_07: http": "//whois.arin.net/rest/poc/AIA12-ARIN",
"ref_08: http": "//whois.arin.net/rest/poc/NOC2466-ARIN",
"ref_09": "",
"ref_10": "",
"regdate_01": "2005-03-17",
"regdate_02": "2008-02-26",
"remarks_01": "",
"remarks_02": "",
"remarks_03": "",
"remarks_04": "",
"remarks_05": "",
"remarks_06": "",
"remarks_07": "",
"remarks_08": "",
"remarks_09": "",
"remarks_10": "",
"route_01": "",
"route_02": "",
"rwhois_01: rwhois.nobistech.net": "4321",
"rwhois_02: rwhois.nobistech.net": "4321.",
"rwhois_03": "rwhois.nobistech.net ( Ubersmith RWhois Server V-2.3.0 )",
"rwhois_04": "",
"rwhois_05": "",
"source": "ARIN",
"state_01": "VA",
"state_02": "AZ",
"updated_01": "",
"updated_02": "",
"updated_03": "",
"updated_at": "",
"w_address_01": "GTT Communications  Inc.",
"w_address_02": "8484 Westpark Drive",
"w_address_03": "Suite 720",
"w_address_04": "5350 East High Street",
"w_address_05": "Suite 300",
"w_address_06": "",
"w_address_07": "",
"w_address_08": "",
"w_address_09": "",
"w_address_10": "",
}
