{
"abuse_01": "NAPO-ARIN",
"abuse_02": "Network Abuse and Policy Observance",
"abuse_03": "+1-888-565-4329 ",
"abuse_04": "abuse@comcast.net",
"abuse_05: http": "//whois.arin.net/rest/poc/NAPO-ARIN",
"address": "74.92.115.169",
"changed_01": "",
"changed_02": "",
"changed_03": "",
"cidr_01": "74.92.0.0/14",
"cidr_02": "74.92.115.168/29",
"city_01": "Mount Laurel",
"city_02": "Warminster",
"comments_01": "",
"comments_02": "",
"comments_03": "",
"comments_04": "",
"comments_05": "",
"comments_06": "",
"comments_07": "",
"comments_08": "",
"comments_09": "",
"comments_10": "",
"country_01": "US",
"country_02": "",
"created_at: 2015-07-07 20:22": "06 UTC",
"descr_01": "",
"descr_02": "",
"descr_03": "",
"descr_04": "",
"descr_05": "",
"descr_06": "",
"descr_07": "",
"descr_08": "",
"descr_09": "",
"descr_10": "",
"email_01": "abuse@comcast.net",
"email_02": "CNIPEO-Ip-registration@cable.comcast.com",
"email_03": "",
"email_04": "",
"email_05": "",
"email_06": "",
"email_07": "",
"email_08": "",
"email_09": "",
"email_10": "",
"fax_01": "",
"fax_02": "",
"fax_03": "",
"hostmax_01": "74.95.255.254",
"hostmax_02": "74.92.115.174",
"hostmax_03": "74.92.127.254",
"hostmax_04": "",
"hostmax_05": "",
"hostmax_06": "",
"hostmax_07": "",
"hostmax_08": "",
"hostmax_09": "",
"hostmax_10": "",
"hostmin_01": "74.92.0.1",
"hostmin_02": "74.92.115.169",
"hostmin_03": "74.92.64.1",
"hostmin_04": "",
"hostmin_05": "",
"hostmin_06": "",
"hostmin_07": "",
"hostmin_08": "",
"hostmin_09": "",
"hostmin_10": "",
"inetnum_01": "74.92.0.0/14",
"inetnum_02": "74.92.115.168/29",
"inetnum_03": "74.92.64.0/18",
"inetnum_04": "",
"inetnum_05": "",
"inetnum_06": "",
"inetnum_07": "",
"inetnum_08": "",
"inetnum_09": "",
"inetnum_10": "",
"info": "",
"mnt_01": "",
"mnt_02": "",
"mnt_03": "",
"mnt_04": "",
"mnt_05": "",
"mnt_06": "",
"name": "",
"netcount_01": "262142",
"netcount_02": "6",
"netcount_03": "16382",
"netcount_04": "",
"netcount_05": "",
"netcount_06": "",
"netcount_07": "",
"netcount_08": "",
"netcount_09": "",
"netcount_10": "",
"netmask_01": "255.252.0.0",
"netmask_02": "255.255.255.248",
"netmask_03": "255.255.192.0",
"netmask_04": "",
"netmask_05": "",
"netmask_06": "",
"netmask_07": "",
"netmask_08": "",
"netmask_09": "",
"netmask_10": "",
"netname_01": "CBC-CM-4",
"netname_02": "VOLPE-TILE-AND-MARBLE",
"nichdl_01": "NET-74-92-0-0-1",
"nichdl_02": "IC161-ARIN",
"nichdl_03": "NET-74-92-115-168-1",
"nichdl_04": "NET-74-92-64-0-1",
"nichdl_05": "",
"notes": "",
"nserver_01": "",
"nserver_02": "",
"nserver_03": "",
"nslastaa_01": "",
"nslastaa_02": "",
"organization_01": "Comcast Business Communications  LLC ( CBCI )",
"organization_02": "",
"organization_03": "",
"organization_04": "",
"organization_05": "",
"orgname_01": "Comcast Business Communications  LLC",
"orgname_02": "Comcast Cable Communications Inc",
"orgname_03": "",
"orgname_04": "",
"orgname_05": "",
"originas_01": "",
"originas_02": "",
"originas_03": "",
"originas_04": "",
"originas_05": "",
"originas_06": "",
"originas_07": "",
"originas_08": "",
"originas_09": "",
"originas_10": "",
"other_01": "Direct Allocation",
"other_02": "2013-01-07",
"other_03": "CBCI",
"other_04": "2011-01-06",
"other_05": "Comcast Cable Communications Inc",
"other_06": "Volpe Tile and Marble ( C01787991 )",
"other_07": "2007-11-19",
"other_08": "Volpe Tile and Marble",
"other_09": "2011-03-19",
"other_10": "2007-11-13",
"parent_01": "NET74 ( NET-74-0-0-0-0 )",
"parent_02": "CBC-PHILADELPHIA-31 ( NET-74-92-64-0-1 )",
"parent_03": "CBC-CM-4 ( NET-74-92-0-0-1 )",
"person_01": "",
"person_02": "",
"person_03": "",
"phone_01": "+1-856-317-7200 ",
"phone_02": "",
"phone_03": "",
"postalcode_01": "08054-4628",
"postalcode_02": "18974",
"ref_01: http": "//whois.arin.net/rest/net/NET-74-92-0-0-1",
"ref_02: http": "//whois.arin.net/rest/org/CBCI",
"ref_03: http": "//whois.arin.net/rest/poc/IC161-ARIN",
"ref_04: http": "//whois.arin.net/rest/net/NET-74-92-115-168-1",
"ref_05: http": "//whois.arin.net/rest/customer/C01787991",
"ref_06: http": "//whois.arin.net/rest/net/NET-74-92-64-0-1",
"ref_07": "",
"ref_08": "",
"ref_09": "",
"ref_10": "",
"regdate_01": "2006-05-18",
"regdate_02": "2001-12-21",
"remarks_01": "",
"remarks_02": "",
"remarks_03": "",
"remarks_04": "",
"remarks_05": "",
"remarks_06": "",
"remarks_07": "",
"remarks_08": "",
"remarks_09": "",
"remarks_10": "",
"route_01": "",
"route_02": "",
"rwhois_01": "",
"rwhois_02": "",
"rwhois_03": "",
"rwhois_04": "",
"rwhois_05": "",
"source": "ARIN",
"state_01": "NJ",
"state_02": "PA",
"updated_01": "",
"updated_02": "",
"updated_03": "",
"updated_at": "",
"w_address_01": "1800 Bishops Gate Blvd.",
"w_address_02": "50 York Rd ",
"w_address_03": "",
"w_address_04": "",
"w_address_05": "",
"w_address_06": "",
"w_address_07": "",
"w_address_08": "",
"w_address_09": "",
"w_address_10": "",
}
