{
"abuse_01": "SIS16-ARIN",
"abuse_02": "Static IP Services",
"abuse_03": "+1-516-803-3000 ",
"abuse_04": "hostmaster@cv.net",
"abuse_05: http": "//whois.arin.net/rest/poc/SIS16-ARIN",
"address": "75.99.138.58",
"changed_01": "",
"changed_02": "",
"changed_03": "",
"cidr_01": "75.99.0.0/16",
"cidr_02": "75.99.138.56/29",
"city_01": "Hicksville",
"city_02": "NORTH BERGEN",
"comments_01": "",
"comments_02": "",
"comments_03": "",
"comments_04": "",
"comments_05": "",
"comments_06": "",
"comments_07": "",
"comments_08": "",
"comments_09": "",
"comments_10": "",
"country_01": "US",
"country_02": "",
"created_at: 2015-07-07 20:22": "06 UTC",
"descr_01": "",
"descr_02": "",
"descr_03": "",
"descr_04": "",
"descr_05": "",
"descr_06": "",
"descr_07": "",
"descr_08": "",
"descr_09": "",
"descr_10": "",
"email_01": "hostmaster@cv.net",
"email_02": "",
"email_03": "",
"email_04": "",
"email_05": "",
"email_06": "",
"email_07": "",
"email_08": "",
"email_09": "",
"email_10": "",
"fax_01": "",
"fax_02": "",
"fax_03": "",
"hostmax_01": "75.99.255.254",
"hostmax_02": "75.99.138.62",
"hostmax_03": "75.99.191.254",
"hostmax_04": "",
"hostmax_05": "",
"hostmax_06": "",
"hostmax_07": "",
"hostmax_08": "",
"hostmax_09": "",
"hostmax_10": "",
"hostmin_01": "75.99.0.1",
"hostmin_02": "75.99.138.57",
"hostmin_03": "75.99.128.1",
"hostmin_04": "",
"hostmin_05": "",
"hostmin_06": "",
"hostmin_07": "",
"hostmin_08": "",
"hostmin_09": "",
"hostmin_10": "",
"inetnum_01": "75.99.0.0/16",
"inetnum_02": "75.99.138.56/29",
"inetnum_03": "75.99.128.0/18",
"inetnum_04": "",
"inetnum_05": "",
"inetnum_06": "",
"inetnum_07": "",
"inetnum_08": "",
"inetnum_09": "",
"inetnum_10": "",
"info": "",
"mnt_01": "",
"mnt_02": "",
"mnt_03": "",
"mnt_04": "",
"mnt_05": "",
"mnt_06": "",
"name": "",
"netcount_01": "65534",
"netcount_02": "6",
"netcount_03": "16382",
"netcount_04": "",
"netcount_05": "",
"netcount_06": "",
"netcount_07": "",
"netcount_08": "",
"netcount_09": "",
"netcount_10": "",
"netmask_01": "255.255.0.0",
"netmask_02": "255.255.255.248",
"netmask_03": "255.255.192.0",
"netmask_04": "",
"netmask_05": "",
"netmask_06": "",
"netmask_07": "",
"netmask_08": "",
"netmask_09": "",
"netmask_10": "",
"netname_01": "NETBLK-OOL-6BLK",
"netname_02": "OOL-STATIC-NBRGNJ-75-99-138-56-29",
"nichdl_01": "NET-75-99-0-0-1",
"nichdl_02": "SIS16-ARIN",
"nichdl_03": "NET-75-99-138-56-1",
"nichdl_04": "NET-75-99-128-0-1",
"nichdl_05": "",
"notes": "",
"nserver_01": "",
"nserver_02": "",
"nserver_03": "",
"nslastaa_01": "",
"nslastaa_02": "",
"organization_01": "Static IP Services ( CSCHO-2 )",
"organization_02": "",
"organization_03": "",
"organization_04": "",
"organization_05": "",
"orgname_01": "Static IP Services",
"orgname_02": "",
"orgname_03": "",
"orgname_04": "",
"orgname_05": "",
"originas_01": "AS6128",
"originas_02": "AS6128",
"originas_03": "AS6128",
"originas_04": "",
"originas_05": "",
"originas_06": "",
"originas_07": "",
"originas_08": "",
"originas_09": "",
"originas_10": "",
"other_01": "Direct Allocation",
"other_02": "2012-03-02",
"other_03": "CSCHO-2",
"other_04": "2011-09-24",
"other_05": "RUXMAN LLC ( C03075707 )",
"other_06": "2012-06-12",
"other_07": "RUXMAN LLC",
"other_08": "Static IP Services",
"other_09": "2009-12-14",
"other_10": "",
"parent_01": "NET75 ( NET-75-0-0-0-0 )",
"parent_02": "OOL-STATIC-RH-NJ-75-99-128-0-18 ( NET-75-99-128-0-1 )",
"parent_03": "NETBLK-OOL-6BLK ( NET-75-99-0-0-1 )",
"person_01": "",
"person_02": "",
"person_03": "",
"phone_01": "+1-516-803-3000 ",
"phone_02": "",
"phone_03": "",
"postalcode_01": "11801",
"postalcode_02": "07047",
"ref_01: http": "//whois.arin.net/rest/net/NET-75-99-0-0-1",
"ref_02: http": "//whois.arin.net/rest/org/CSCHO-2",
"ref_03: http": "//whois.arin.net/rest/poc/SIS16-ARIN",
"ref_04: http": "//whois.arin.net/rest/net/NET-75-99-138-56-1",
"ref_05: http": "//whois.arin.net/rest/customer/C03075707",
"ref_06: http": "//whois.arin.net/rest/net/NET-75-99-128-0-1",
"ref_07": "",
"ref_08": "",
"ref_09": "",
"ref_10": "",
"regdate_01": "2009-02-25",
"regdate_02": "2007-07-05",
"remarks_01": "",
"remarks_02": "",
"remarks_03": "",
"remarks_04": "",
"remarks_05": "",
"remarks_06": "",
"remarks_07": "",
"remarks_08": "",
"remarks_09": "",
"remarks_10": "",
"route_01": "",
"route_02": "",
"rwhois_01": "",
"rwhois_02": "",
"rwhois_03": "",
"rwhois_04": "",
"rwhois_05": "",
"source": "ARIN",
"state_01": "NY",
"state_02": "NJ",
"updated_01": "",
"updated_02": "",
"updated_03": "",
"updated_at": "",
"w_address_01": "111 New South Rd",
"w_address_02": "1200 TONNELLE AVE",
"w_address_03": "",
"w_address_04": "",
"w_address_05": "",
"w_address_06": "",
"w_address_07": "",
"w_address_08": "",
"w_address_09": "",
"w_address_10": "",
}
