{
"abuse_01": "ABUSE19-ARIN",
"abuse_02": "+1-314-288-3111 ",
"abuse_03": "abuse@charter.net",
"abuse_04: http": "//whois.arin.net/rest/poc/ABUSE19-ARIN",
"abuse_05": "",
"address": "96.38.198.218",
"changed_01": "",
"changed_02": "",
"changed_03": "",
"cidr_01": "96.42.0.0/16  96.40.0.0/15  96.32.0.0/13",
"cidr_02": "",
"city_01": "St. Louis",
"city_02": "",
"comments_01": "",
"comments_02": "",
"comments_03": "",
"comments_04": "",
"comments_05": "",
"comments_06": "",
"comments_07": "",
"comments_08": "",
"comments_09": "",
"comments_10": "",
"country_01": "US",
"country_02": "",
"created_at: 2015-07-07 20:22": "06 UTC",
"descr_01": "",
"descr_02": "",
"descr_03": "",
"descr_04": "",
"descr_05": "",
"descr_06": "",
"descr_07": "",
"descr_08": "",
"descr_09": "",
"descr_10": "",
"email_01": "ipaddressing@chartercom.com",
"email_02": "dlnocip@chartercom.com",
"email_03": "abuse@charter.net",
"email_04": "",
"email_05": "",
"email_06": "",
"email_07": "",
"email_08": "",
"email_09": "",
"email_10": "",
"fax_01": "",
"fax_02": "",
"fax_03": "",
"hostmax_01": "96.39.255.254",
"hostmax_02": "96.41.255.254",
"hostmax_03": "96.42.255.254",
"hostmax_04": "",
"hostmax_05": "",
"hostmax_06": "",
"hostmax_07": "",
"hostmax_08": "",
"hostmax_09": "",
"hostmax_10": "",
"hostmin_01": "96.32.0.1",
"hostmin_02": "96.40.0.1",
"hostmin_03": "96.42.0.1",
"hostmin_04": "",
"hostmin_05": "",
"hostmin_06": "",
"hostmin_07": "",
"hostmin_08": "",
"hostmin_09": "",
"hostmin_10": "",
"inetnum_01": "96.32.0.0/13",
"inetnum_02": "96.40.0.0/15",
"inetnum_03": "96.42.0.0/16",
"inetnum_04": "",
"inetnum_05": "",
"inetnum_06": "",
"inetnum_07": "",
"inetnum_08": "",
"inetnum_09": "",
"inetnum_10": "",
"info": "",
"mnt_01": "",
"mnt_02": "",
"mnt_03": "",
"mnt_04": "",
"mnt_05": "",
"mnt_06": "",
"name": "",
"netcount_01": "524286",
"netcount_02": "131070",
"netcount_03": "65534",
"netcount_04": "",
"netcount_05": "",
"netcount_06": "",
"netcount_07": "",
"netcount_08": "",
"netcount_09": "",
"netcount_10": "",
"netmask_01": "255.248.0.0",
"netmask_02": "255.254.0.0",
"netmask_03": "255.255.0.0",
"netmask_04": "",
"netmask_05": "",
"netmask_06": "",
"netmask_07": "",
"netmask_08": "",
"netmask_09": "",
"netmask_10": "",
"netname_01": "NETBLK-CHARTER-NET",
"netname_02": "",
"nichdl_01": "NET-96-32-0-0-1",
"nichdl_02": "IPADD1-ARIN",
"nichdl_03": "NNOC16-ARIN",
"nichdl_04": "",
"nichdl_05": "",
"notes": "",
"nserver_01": "",
"nserver_02": "",
"nserver_03": "",
"nslastaa_01": "",
"nslastaa_02": "",
"organization_01": "Charter Communications ( CC04 )",
"organization_02": "",
"organization_03": "",
"organization_04": "",
"organization_05": "",
"orgname_01": "Charter Communications",
"orgname_02": "IPAddressing",
"orgname_03": "National Network Operations Center",
"orgname_04": "",
"orgname_05": "",
"originas_01": "",
"originas_02": "",
"originas_03": "",
"originas_04": "",
"originas_05": "",
"originas_06": "",
"originas_07": "",
"originas_08": "",
"originas_09": "",
"originas_10": "",
"other_01": "Direct Allocation",
"other_02": "2012-03-02",
"other_03": "CC04",
"other_04": "2014-10-29",
"other_05": "",
"other_06": "",
"other_07": "",
"other_08": "",
"other_09": "",
"other_10": "",
"parent_01": "NET96 ( NET-96-0-0-0-0 )",
"parent_02": "",
"parent_03": "",
"person_01": "",
"person_02": "",
"person_03": "",
"phone_01": "+1-314-288-3889 ",
"phone_02": "+1-314-288-3111 ",
"phone_03": "",
"postalcode_01": "63131",
"postalcode_02": "",
"ref_01: http": "//whois.arin.net/rest/net/NET-96-32-0-0-1",
"ref_02: http": "//whois.arin.net/rest/org/CC04",
"ref_03: http": "//whois.arin.net/rest/poc/IPADD1-ARIN",
"ref_04: http": "//whois.arin.net/rest/poc/NNOC16-ARIN",
"ref_05": "",
"ref_06": "",
"ref_07": "",
"ref_08": "",
"ref_09": "",
"ref_10": "",
"regdate_01": "2007-12-19",
"regdate_02": "",
"remarks_01": "",
"remarks_02": "",
"remarks_03": "",
"remarks_04": "",
"remarks_05": "",
"remarks_06": "",
"remarks_07": "",
"remarks_08": "",
"remarks_09": "",
"remarks_10": "",
"route_01": "",
"route_02": "",
"rwhois_01": "",
"rwhois_02": "",
"rwhois_03": "",
"rwhois_04": "",
"rwhois_05": "",
"source": "ARIN",
"state_01": "MO",
"state_02": "",
"updated_01": "",
"updated_02": "",
"updated_03": "",
"updated_at": "",
"w_address_01": "12405 Powerscourt Dr.",
"w_address_02": "",
"w_address_03": "",
"w_address_04": "",
"w_address_05": "",
"w_address_06": "",
"w_address_07": "",
"w_address_08": "",
"w_address_09": "",
"w_address_10": "",
}
